,thread,favorite_total,retweet_total,is_rumor,url_proportion,thread_length,symbol_total,default_profile_proportion,hashtag_proportion,smile_emoji_proportion,src_followers_count,src_listed_count,src_user_verified
0,524922078638903296,21,400,False,0.0,51,0.0,True,0.0784313725490196,0.0,66724.0,1661.0,True
1,524922499466022913,18,165,False,0.0,16,0.0,True,0.1875,0.0,60089.0,1594.0,True
2,524922507380670464,24,251,False,0.0,7,0.0,True,0.7142857142857143,0.0,357541.0,5251.0,True
3,524922729485848576,21,108,False,0.0,37,0.0,True,0.05405405405405406,0.0,1209.0,73.0,True
4,524923148576518144,44,313,False,0.043478260869565216,23,0.0,True,0.043478260869565216,0.0,21413.0,695.0,True
5,524923293711998976,84,671,False,0.08333333333333333,24,0.0,True,0.25,0.0,78813.0,1526.0,True
6,524923341359300608,42,438,False,0.0,23,0.0,True,0.5652173913043478,0.0,366088.0,5312.0,True
7,524923403183333376,6090,5814,False,0.05,20,0.0,True,0.15,0.0,1110815.0,449.0,True
8,524923462398513152,22,169,False,0.0,14,0.0,True,0.07142857142857142,0.0,4898.0,221.0,True
9,524923480173981696,56,296,False,0.0,10,0.0,True,0.5,0.0,173267.0,1966.0,True
10,524923610851729408,8,193,False,0.0,2,0.0,True,1.0,0.0,66566.0,1660.0,True
11,524923676484177920,43,393,False,0.0,11,0.0,True,0.7272727272727273,0.0,10991.0,498.0,True
12,524923678472286209,23,221,False,0.5555555555555556,9,0.0,True,0.4444444444444444,0.0,543040.0,10634.0,True
13,524924034124107776,25,244,False,0.0,9,0.0,True,0.4444444444444444,0.0,358503.0,5236.0,True
14,524924225463668738,162,599,False,0.0,19,0.0,True,0.0,0.0,640273.0,5297.0,True
15,524924346411020288,21,188,False,0.0,6,0.0,True,0.3333333333333333,0.0,10990.0,498.0,True
16,524924619812511746,16,185,False,0.0,10,0.0,True,0.2,0.0,359058.0,5273.0,True
17,524924660480487424,62,169,False,0.03125,32,0.0,True,0.0625,0.0,34165.0,802.0,True
18,524924954287296512,36,173,False,0.5,6,0.0,True,0.0,0.0,6999809.0,89118.0,True
19,524924987774631936,20,134,False,0.0,3,0.0,True,0.3333333333333333,0.0,173189.0,1962.0,True
20,524925033626738688,8,121,False,0.0,8,0.0,True,0.125,0.0,17046.0,475.0,True
21,524925050739490816,29,274,False,0.5833333333333334,12,0.0,True,0.0,0.0,639325.0,9722.0,True
22,524925124303396864,62,703,False,0.0,27,0.0,True,0.4074074074074074,0.0,365914.0,5313.0,True
23,524925215235911680,82,567,False,0.47368421052631576,19,0.0,True,0.47368421052631576,0.0,543024.0,10634.0,True
24,524925223226081282,9,118,False,0.4,5,0.0,True,0.4,0.0,281451.0,5579.0,True
25,524925553489760256,18,249,False,0.0,10,0.0,True,0.0,0.0,18780.0,505.0,True
26,524925600318754816,23,227,False,0.3333333333333333,12,0.0,True,0.0,0.0,226740.0,5338.0,True
27,524925730053181440,69,839,False,0.05263157894736842,19,0.0,True,0.10526315789473684,0.0,365930.0,5313.0,True
28,524925987239120897,14,157,False,0.8,5,0.0,True,0.8,0.0,67569.0,2261.0,True
29,524926184069808129,11,104,False,0.7777777777777778,9,0.0,True,0.7777777777777778,0.0,173231.0,1966.0,True
30,524926235030589440,19,135,False,0.14285714285714285,7,0.0,True,0.0,0.0,198032.0,2130.0,True
31,524926279309860864,156,812,False,0.16666666666666666,24,0.0,True,0.20833333333333334,0.0,11819289.0,100095.0,True
32,524926301678096384,10,146,False,0.0,3,0.0,True,1.0,0.0,19637.0,566.0,True
33,524926445496197120,211,1037,False,0.0,21,0.0,True,0.047619047619047616,0.0,639903.0,5295.0,True
34,524926472432410625,13,121,False,0.5,4,0.0,True,0.0,0.0,42852.0,962.0,True
35,524926528342487041,127,475,False,0.0,24,0.0,True,0.0,0.0,13519.0,400.0,True
36,524926643325132800,38,396,False,0.17647058823529413,17,0.0,True,0.058823529411764705,0.0,365767.0,5310.0,True
37,524926698165633024,43,202,False,0.0,8,0.0,True,0.0,0.0,3142.0,77.0,True
38,524926768054956032,24,115,False,0.0,1,0.0,True,0.0,0.0,35684.0,287.0,True
39,524927281048080385,333,1021,False,0.046511627906976744,43,0.0,True,0.16279069767441862,0.0,2881.0,54.0,True
40,524927288077746176,108,624,False,0.047619047619047616,21,0.0,True,0.19047619047619047,0.0,173125.0,1962.0,True
41,524927356830760961,16,209,False,0.5,4,0.0,True,0.75,0.0,543195.0,10632.0,True
42,524927695633666049,30,294,False,0.5454545454545454,11,0.0,True,0.18181818181818182,0.0,79884.0,2051.0,True
43,524927789892653056,29,143,False,0.0,8,0.0,True,0.0,0.0,6353.0,373.0,True
44,524927809773649922,29,495,False,0.05555555555555555,18,0.0,True,0.05555555555555555,0.0,18775.0,502.0,True
45,524928119955013632,50,381,False,0.0,11,0.0,True,0.2727272727272727,0.0,365962.0,5315.0,True
46,524928195011698688,116,137,False,0.0,1,0.0,True,1.0,0.0,67086.0,198.0,True
47,524928223499784192,133,481,False,0.0,31,0.0,True,0.0967741935483871,0.0,3282.0,93.0,True
48,524928297986433024,49,338,False,0.0,4,0.0,True,0.75,0.0,762.0,13.0,True
49,524928863714168832,21,106,False,0.5,4,0.0,True,0.25,0.0,2735542.0,23372.0,True
50,524928878075457536,60,491,False,0.24,25,0.0,True,0.0,0.0,639706.0,9725.0,True
51,524928960615186432,58,250,False,0.0,20,0.0,True,0.15,0.0,365992.0,5316.0,True
52,524929014621032451,61,182,False,0.0,19,0.0,True,0.21052631578947367,0.0,173245.0,1966.0,True
53,524929106987991040,19,235,False,0.5,10,0.0,True,0.6,0.0,76545.0,2059.0,True
54,524929497205055488,49,269,False,0.23076923076923078,13,0.0,True,0.0,0.0,7000118.0,89113.0,True
55,524929550493712384,179,1033,False,0.0,28,0.0,True,0.2857142857142857,0.0,78674.0,780.0,True
56,524929559909916672,85,239,False,0.05555555555555555,18,0.0,True,0.05555555555555555,0.0,1084.0,53.0,True
57,524929769469538305,15,155,False,0.5,2,0.0,True,0.0,0.0,117534.0,2240.0,True
58,524929796862918656,87,322,False,0.631578947368421,19,0.0,True,0.05263157894736842,0.0,640000.0,5294.0,True
59,524929893759737856,44,182,False,0.13333333333333333,45,0.0,True,0.13333333333333333,0.0,4427946.0,43780.0,True
60,524930293921107969,11,114,False,0.6,10,0.0,True,0.1,0.0,66725.0,1661.0,True
61,524930400272265216,32,131,False,0.0,5,0.0,True,0.0,0.0,5277941.0,87631.0,True
62,524930499790131200,20,150,False,0.2727272727272727,11,0.0,True,0.2727272727272727,0.0,229699.0,5353.0,True
63,524930538009006081,34,208,False,0.06666666666666667,15,0.0,True,0.0,0.0,5278341.0,87624.0,True
64,524930575472136192,22,145,False,0.0,8,0.0,True,0.25,0.0,4527.0,62.0,True
65,524930594950479873,15,181,False,0.0,2,0.0,True,1.0,0.0,2026.0,55.0,True
66,524930671220105216,25,215,False,0.2,20,0.0,True,0.0,0.0,126233.0,1606.0,True
67,524930678983753728,908,1291,False,0.0,18,0.0,True,0.2222222222222222,0.0,223421.0,3081.0,True
68,524930851747164160,321,286,False,0.10126582278481013,79,0.0,True,0.05063291139240506,0.0,420720.0,13344.0,True
69,524931019745812480,23,148,False,0.16666666666666666,6,0.0,True,0.16666666666666666,0.0,149858.0,2563.0,True
70,524931083797004288,33,154,False,0.5,4,0.0,True,0.0,0.0,6999939.0,89113.0,True
71,524931110279852032,22,174,False,0.8,5,0.0,True,0.4,0.0,543091.0,10632.0,True
72,524931324763992064,21,180,False,0.0,8,0.0,True,0.375,0.0,5303.0,186.0,True
73,524931752725585921,11,201,False,0.0,3,0.0,True,0.3333333333333333,0.0,19633.0,566.0,True
74,524931830173421568,8,101,False,0.0,2,0.0,True,0.5,0.0,11408.0,464.0,True
75,524931913426157568,156,701,False,0.2,30,0.0,True,0.0,0.0,639917.0,5295.0,True
76,524932056560963584,20,102,False,0.0,4,0.0,True,0.0,0.0,17145.0,269.0,True
77,524932292406681601,303,643,False,0.06666666666666667,45,0.0,True,0.0,0.0,207.0,3.0,True
78,524932327907270656,15,114,False,0.0,6,0.0,True,0.5,0.0,3597.0,84.0,True
79,524932558275235840,38,109,False,0.8,5,0.0,True,0.0,0.0,4229630.0,63448.0,True
80,524932574909857792,31,239,False,0.0,10,0.0,True,0.2,0.0,66650.0,1661.0,True
81,524932635177795585,99,504,False,0.10526315789473684,19,0.0,True,0.2631578947368421,0.0,11836107.0,100157.0,True
82,524932792925569024,69,561,False,0.07692307692307693,13,0.0,True,0.15384615384615385,0.0,365854.0,5313.0,True
83,524932935137628160,397,227,False,0.0,36,0.0,True,0.0,0.0,590928.0,11931.0,True
84,524933380929245184,250,1118,False,0.25,24,0.0,True,0.25,0.0,173323.0,1965.0,True
85,524933399828369409,37,133,False,0.125,8,0.0,True,0.25,0.0,640083.0,5296.0,True
86,524933534692442112,26,225,False,0.0,3,0.0,True,1.0,0.0,50568.0,1028.0,True
87,524933600433938432,23,206,False,0.0,15,0.0,True,0.0,0.0,8785.0,244.0,True
88,524933657493250048,76,390,False,0.38461538461538464,13,0.0,True,0.07692307692307693,0.0,229438.0,5351.0,True
89,524933764330586112,109,170,False,0.0,1,0.0,True,1.0,0.0,19808.0,235.0,True
90,524934004152082432,50,149,False,0.0,12,0.0,True,0.0,0.0,3631003.0,36262.0,True
91,524934090542182400,342,633,False,0.047619047619047616,21,0.0,True,0.09523809523809523,0.0,12025.0,216.0,True
92,524934142958788608,220,214,False,0.014705882352941176,68,0.0,True,0.029411764705882353,0.0,17678.0,116.0,True
93,524934300459077632,27,128,False,0.0,5,0.0,True,0.4,0.0,173354.0,1965.0,True
94,524934381828603904,167,448,False,0.5,10,0.0,True,0.0,0.0,20041193.0,158767.0,True
95,524934419270742017,128,197,False,0.0,12,0.0,True,0.3333333333333333,0.0,18454.0,210.0,True
96,524934507892580352,198,276,False,0.0,18,0.0,True,0.1111111111111111,0.0,15355.0,750.0,True
97,524934648473079808,164,624,False,0.0,5,0.0,True,0.4,0.0,812.0,30.0,True
98,524934673760530432,19,119,False,0.5,4,0.0,True,0.25,0.0,2807861.0,33688.0,True
99,524934827909210112,160,244,False,0.0,4,0.0,True,0.25,0.0,66790.0,196.0,True
100,524934897367285760,128,126,False,0.05,20,0.0,True,0.15,0.0,38199.0,926.0,True
101,524934941914968064,200,776,False,0.21739130434782608,23,0.0,True,0.043478260869565216,0.0,11836155.0,100157.0,True
102,524935023380545537,75,120,False,0.0,2,0.0,True,0.5,0.0,18456.0,210.0,True
103,524935085863481344,60,453,False,0.0,22,0.0,True,0.5,0.0,365994.0,5315.0,True
104,524935146806738944,212,1305,False,0.0,11,0.0,True,0.6363636363636364,0.0,3942.0,102.0,True
105,524935216134369281,35,246,False,0.0,4,0.0,True,0.5,0.0,66720.0,1661.0,True
106,524935246647926784,15,115,False,0.2,5,0.0,True,0.0,0.0,5191021.0,82111.0,True
107,524935345998422016,50,185,False,0.0,12,0.0,True,0.0,0.0,197884.0,2128.0,True
108,524935485370929152,17,118,False,0.05,20,0.0,True,0.0,0.0,8924.0,346.0,True
109,524935586025861121,6,105,False,0.0,6,0.0,True,0.16666666666666666,0.0,22388.0,585.0,True
110,524935633463037953,16,109,False,0.6666666666666666,3,0.0,True,0.0,0.0,117493.0,2240.0,True
111,524935731148775424,20,151,False,0.0,3,0.0,True,0.0,0.0,8832.0,349.0,True
112,524935758143324160,20,108,False,0.2,5,0.0,True,0.2,0.0,1308863.0,14219.0,True
113,524935769614331904,43,166,False,0.25,16,0.0,True,0.3125,0.0,4423086.0,43751.0,True
114,524935791794221057,41,153,False,0.16666666666666666,12,0.0,True,0.4166666666666667,0.0,788752.0,12935.0,True
115,524935816603107328,33,117,False,0.5,6,0.0,True,0.16666666666666666,0.0,3631285.0,36264.0,True
116,524935906596499456,393,853,False,0.058823529411764705,34,0.0,True,0.29411764705882354,0.0,59572.0,919.0,True
117,524935943925796866,36,171,False,0.0,2,0.0,True,0.5,0.0,5940.0,259.0,True
118,524936008870400000,32,197,False,0.4444444444444444,9,0.0,True,0.1111111111111111,0.0,543018.0,10634.0,True
119,524936075870228480,27,144,False,0.5,6,0.0,True,0.16666666666666666,0.0,60384.0,1601.0,True
120,524936137589411840,10,138,False,0.0,2,0.0,True,0.5,0.0,126262.0,1606.0,True
121,524936365427806208,61,212,False,0.15,20,0.0,True,0.0,0.0,1852994.0,24011.0,True
122,524936456742379520,19,108,False,0.5,6,0.0,True,0.0,0.0,22389.0,585.0,True
123,524936592159698944,9,158,False,0.0,2,0.0,True,0.5,0.0,23333.0,864.0,True
124,524936793633083394,37,106,False,0.1,20,0.0,True,0.15,0.0,3247.0,154.0,True
125,524936872666353664,205,1682,False,0.0,30,0.0,True,0.23333333333333334,0.0,365998.0,5316.0,True
126,524936881348558849,569,3261,False,0.05555555555555555,18,0.0,True,0.4444444444444444,0.0,74905.0,761.0,True
127,524936931059056640,22,113,False,0.75,4,0.0,True,0.0,0.0,226898.0,5334.0,True
128,524936966492942336,258,831,False,0.17647058823529413,17,0.0,True,0.11764705882352941,0.0,11834555.0,100146.0,True
129,524937114539282433,112,105,False,0.0,4,0.0,True,0.25,0.0,109868.0,606.0,True
130,524937204552843268,57,174,False,0.2631578947368421,19,0.0,True,0.0,0.0,1853159.0,24014.0,True
131,524937243518312448,8,177,False,0.0,1,0.0,True,1.0,0.0,74554.0,2034.0,True
132,524937330923417600,74,593,False,0.5384615384615384,13,0.0,True,0.15384615384615385,0.0,543006.0,10633.0,True
133,524937421180653568,25,112,False,0.3333333333333333,6,0.0,True,0.0,0.0,20245.0,549.0,True
134,524937542131793920,21,214,False,0.0,7,0.0,True,0.14285714285714285,0.0,1437.0,22.0,True
135,524937560276344832,38,148,False,0.2,10,0.0,True,0.0,0.0,1623611.0,14244.0,True
136,524937574281121793,60,305,False,0.3,10,0.0,True,0.2,0.0,639125.0,9722.0,True
137,524937594090844160,32,268,False,0.05555555555555555,18,0.0,True,0.1111111111111111,0.0,5269517.0,87584.0,True
138,524937597206790144,109,399,False,0.0,2,0.0,True,1.0,0.0,2018.0,55.0,True
139,524937635698327553,161,151,False,0.0,24,0.0,True,0.041666666666666664,0.0,37908.0,174.0,True
140,524937675115999232,55,175,False,0.0,4,0.0,True,0.25,0.0,3716.0,226.0,True
141,524937968138878976,122,526,False,0.2857142857142857,21,0.0,True,0.0,0.0,5277202.0,87618.0,True
142,524938009834450945,12,119,False,0.0,3,0.0,True,0.0,0.0,9888.0,306.0,True
143,524938107142283264,49,173,False,0.09090909090909091,11,0.0,True,0.18181818181818182,0.0,4641018.0,119144.0,True
144,524938137320312832,80,488,False,0.0,13,0.0,True,0.38461538461538464,0.0,37773.0,495.0,True
145,524938146119966720,8,136,False,0.0,1,0.0,True,0.0,0.0,5085.0,117.0,True
146,524938162900967424,55,148,False,0.42857142857142855,7,0.0,True,0.0,0.0,3631105.0,36263.0,True
147,524938282732642305,17,138,False,0.0,2,0.0,True,0.5,0.0,19621.0,566.0,True
148,524938288277118976,284,501,False,0.14285714285714285,21,0.0,True,0.047619047619047616,0.0,1563220.0,5650.0,True
149,524938433262006272,49,149,False,0.375,8,0.0,True,0.375,0.0,132138.0,2663.0,True
150,524938857180303360,31,209,False,0.0,5,0.0,True,0.6,0.0,66730.0,1661.0,True
151,524939142485262337,144,692,False,0.0,18,0.0,True,0.16666666666666666,0.0,10860.0,379.0,True
152,524939327399559170,11,101,False,0.3333333333333333,3,0.0,True,0.3333333333333333,0.0,788974.0,12941.0,True
153,524939347699585025,3308,2614,False,0.2777777777777778,18,0.0,True,0.3333333333333333,0.0,339964.0,2119.0,True
154,524939362048290817,215,160,False,1.0,1,0.0,True,0.0,0.0,127790.0,791.0,True
155,524939378552864768,44,497,False,0.0,9,0.0,True,0.1111111111111111,0.0,4105.0,187.0,True
156,524939818347028480,7,103,False,0.5,2,0.0,True,0.5,0.0,2351.0,114.0,True
157,524939821815721984,83,427,False,0.0,13,0.0,True,0.15384615384615385,0.0,167389.0,1909.0,True
158,524940014065811456,47,295,False,0.14285714285714285,21,0.0,True,0.047619047619047616,0.0,2735493.0,23372.0,True
159,524940030109036544,82,140,False,0.0,13,0.0,True,0.15384615384615385,0.0,105857.0,2994.0,True
160,524940077978640384,53,375,False,0.1,20,0.0,True,0.1,0.0,2294.0,135.0,True
161,524940452383170560,29,197,False,0.0,7,0.0,True,0.14285714285714285,0.0,167380.0,1909.0,True
162,524940623594287104,885,698,False,0.05555555555555555,18,0.0,True,0.05555555555555555,0.0,149904.0,952.0,True
163,524940659778920448,14,215,False,0.5714285714285714,7,0.0,True,0.0,0.0,542809.0,10631.0,True
164,524940716733370374,112,457,False,0.15,20,0.0,True,0.1,0.0,1625812.0,14242.0,True
165,524940803601227777,317,198,False,0.09090909090909091,11,0.0,True,0.09090909090909091,0.0,12297233.0,50349.0,True
166,524940940721418240,82,445,False,0.0,5,0.0,True,0.8,0.0,2019.0,55.0,True
167,524941041301225472,82,326,False,0.3076923076923077,13,0.0,True,0.23076923076923078,0.0,3368390.0,37164.0,True
168,524941119403335681,132,542,False,0.1111111111111111,27,0.0,True,0.0,0.0,11835271.0,100147.0,True
169,524941124893700096,84,276,False,0.0,5,0.0,True,0.8,0.0,258173.0,109.0,True
170,524941132237910016,24,100,False,0.6666666666666666,3,0.0,True,0.3333333333333333,0.0,1020.0,53.0,True
171,524941272549969920,248,229,False,0.0,20,0.0,True,0.05,0.0,397585.0,7870.0,True
172,524941318389501953,34,263,False,0.18181818181818182,11,0.0,True,0.09090909090909091,0.0,6996936.0,89094.0,True
173,524941504796962816,102,501,False,0.22580645161290322,31,0.0,True,0.16129032258064516,0.0,639896.0,9726.0,True
174,524941529928839168,25,123,False,0.5714285714285714,7,0.0,True,0.5714285714285714,0.0,20416.0,923.0,True
175,524941720249978880,204,962,False,0.3333333333333333,30,0.0,True,0.06666666666666667,0.0,543099.0,10632.0,True
176,524941727753568257,18,171,False,0.0,11,0.0,True,0.0,0.0,27412.0,1021.0,True
177,524942058042449920,8,180,False,0.0,1,0.0,True,0.0,0.0,4285.0,219.0,True
178,524942149973188608,101,1022,False,0.05,20,0.0,True,0.1,0.0,60369.0,1594.0,True
179,524942353355005952,26,104,False,0.375,8,0.0,True,0.625,0.0,38659.0,1212.0,True
180,524942470472548352,7,101,False,0.0,4,0.0,True,0.0,0.0,2156.0,89.0,True
181,524942548066791424,36,150,False,0.6,5,0.0,True,0.4,0.0,58079.0,1244.0,True
182,524942687003484161,25,147,False,0.1111111111111111,9,0.0,True,0.0,0.0,68416.0,2458.0,True
183,524942802908876801,282,236,False,0.3333333333333333,6,0.0,True,0.16666666666666666,0.0,241711.0,3396.0,True
184,524942851944493056,36,249,False,0.0,2,0.0,True,1.0,0.0,614.0,15.0,True
185,524942946765131776,17,130,False,0.0,5,0.0,True,0.0,0.0,10482.0,446.0,True
186,524942952733220865,47,166,False,0.5454545454545454,11,0.0,True,0.0,0.0,4747440.0,71956.0,True
187,524943012602716160,236,206,False,0.058823529411764705,17,0.0,True,0.11764705882352941,0.0,2669295.0,29820.0,True
188,524943063937208320,14,105,False,0.0,2,0.0,True,0.5,0.0,5952.0,260.0,True
189,524943114885427203,60,141,False,0.3333333333333333,3,0.0,True,0.0,0.0,1437.0,55.0,True
190,524943132409212928,136,421,False,0.0,19,0.0,True,0.10526315789473684,0.0,167382.0,1909.0,True
191,524943226948820992,37,201,False,0.2,10,0.0,True,0.3,0.0,4220796.0,63399.0,True
192,524943490887991296,131,936,False,0.0,8,0.0,True,0.875,0.0,66735.0,1661.0,True
193,524943504192311296,16,133,False,0.0,4,0.0,True,0.25,0.0,3371.0,74.0,True
194,524943615437848576,291,286,False,0.0,31,0.0,True,0.12903225806451613,0.0,397580.0,7870.0,True
195,524943638812299265,71,102,False,1.0,1,0.0,True,1.0,0.0,42047.0,255.0,True
196,524943658748219392,90,597,False,0.0,14,0.0,True,0.42857142857142855,0.0,28745.0,404.0,True
197,524943721302089728,59,177,False,0.15,20,0.0,True,0.05,0.0,219578.0,6225.0,True
198,524943804051496961,121,127,False,0.0,19,0.0,True,0.0,0.0,18775.0,505.0,True
199,524943812339437569,8,124,False,0.0,6,0.0,True,0.6666666666666666,0.0,5937.0,255.0,True
200,524943886553468929,59,206,False,0.058823529411764705,17,0.0,True,0.29411764705882354,0.0,1309828.0,14227.0,True
201,524943976902971392,24,151,False,0.0,1,0.0,True,0.0,0.0,4966.0,255.0,True
202,524944006577668096,53,355,False,0.0,4,0.0,True,0.75,0.0,66646.0,1661.0,True
203,524944146025312256,61,172,False,0.21052631578947367,19,0.0,True,0.05263157894736842,0.0,26355.0,1095.0,True
204,524944178586091520,22,108,False,0.0,3,0.0,True,0.3333333333333333,0.0,7820.0,173.0,True
205,524944399890124801,133,982,False,0.0,23,0.0,True,0.21739130434782608,0.0,366215.0,5313.0,True
206,524944537618485248,24,160,False,0.2727272727272727,11,0.0,True,0.18181818181818182,0.0,543179.0,10632.0,True
207,524944544681705472,28,154,False,0.3,10,0.0,True,0.4,0.0,5278080.0,87623.0,True
208,524944569528750080,65,408,False,0.0,18,0.0,True,0.3888888888888889,0.0,37801.0,494.0,True
209,524944571256434688,20,126,False,0.0,2,0.0,True,1.0,0.0,1641.0,49.0,True
210,524944610985263104,984,832,False,0.0,19,0.0,True,0.5263157894736842,0.0,359731.0,4700.0,True
211,524944637489086464,33,196,False,0.14285714285714285,7,0.0,True,0.14285714285714285,0.0,788774.0,12933.0,True
212,524944788525973505,46,352,False,0.0,3,0.0,True,0.3333333333333333,0.0,29433.0,421.0,True
213,524944881941495809,368,1261,False,0.17391304347826086,23,0.0,True,0.21739130434782608,0.0,639231.0,9722.0,True
214,524944978288852992,51,453,False,0.0,8,0.0,True,0.375,0.0,29432.0,421.0,True
215,524944981753356288,79,183,False,0.08333333333333333,12,0.0,True,0.25,0.0,201459.0,1745.0,True
216,524945095322513408,293,229,False,0.0,7,0.0,True,0.0,0.0,182809.0,2951.0,True
217,524945101542678529,30,152,False,0.0,9,0.0,True,0.1111111111111111,0.0,1057.0,63.0,True
218,524945170777645059,64,211,False,0.46153846153846156,13,0.0,True,0.15384615384615385,0.0,1853114.0,24012.0,True
219,524945197705461763,20,112,False,0.15,20,0.0,True,0.15,0.0,6202.0,265.0,True
220,524945225253675008,34,211,False,0.0,10,0.0,True,0.2,0.0,29825.0,429.0,True
221,524945585539776512,85,162,False,0.11764705882352941,17,0.0,True,0.23529411764705882,0.0,355.0,1.0,True
222,524945665827545089,76,123,False,0.375,8,0.0,True,0.5,0.0,26777.0,355.0,True
223,524945676443340800,38,282,False,0.2857142857142857,7,0.0,True,0.0,0.0,6999809.0,89118.0,True
224,524945684966166528,45,198,False,0.36363636363636365,11,0.0,True,0.0,0.0,2735682.0,23372.0,True
225,524945814796644352,97,513,False,0.3888888888888889,18,0.0,True,0.1111111111111111,0.0,534358.0,10562.0,True
226,524945879455653889,76,204,False,0.1111111111111111,18,0.0,True,0.16666666666666666,0.0,4427626.0,43777.0,True
227,524946179390701568,58,288,False,0.38461538461538464,13,0.0,True,0.23076923076923078,0.0,639331.0,9723.0,True
228,524946336190586880,69,186,False,0.3,10,0.0,True,0.0,0.0,3631057.0,36263.0,True
229,524946461621235712,36,107,False,0.125,8,0.0,True,0.125,0.0,626895.0,9656.0,True
230,524946609453678593,147,609,False,0.09523809523809523,21,0.0,True,0.0,0.0,11836312.0,100156.0,True
231,524946753154727936,20,102,False,0.14285714285714285,7,0.0,True,0.0,0.0,3631032.0,36264.0,True
232,524946808271671297,56,113,False,0.0,4,0.0,True,0.0,0.0,12018.0,181.0,True
233,524946921547628545,58,330,False,0.26666666666666666,30,0.0,True,0.2,0.0,13668442.0,151626.0,True
234,524947030616313856,1750,962,False,0.10526315789473684,57,0.0,True,0.08771929824561403,0.0,538695.0,3340.0,True
235,524947036228317184,250,187,False,0.0,8,0.0,True,0.0,0.0,121785.0,2406.0,True
236,524947071770435585,23,142,False,0.6,5,0.0,True,0.6,0.0,19915.0,539.0,True
237,524947129354420225,172,937,False,0.0,18,0.0,True,0.2222222222222222,0.0,357987.0,5225.0,True
238,524947149134774272,16,137,False,0.6666666666666666,3,0.0,True,0.6666666666666666,0.0,66610.0,1661.0,True
239,524947196131966976,34,257,False,0.10526315789473684,19,0.0,True,0.3157894736842105,0.0,47819.0,923.0,True
240,524947368865964033,93,110,False,0.0,1,0.0,True,1.0,0.0,338072.0,2285.0,True
241,524947414050816000,31,178,False,0.0,4,0.0,True,0.5,0.0,3505.0,87.0,True
242,524947416869388288,101,237,False,0.0,4,0.0,True,0.5,0.0,35698.0,287.0,True
243,524947424482435073,132,331,False,0.0,19,0.0,True,0.3684210526315789,0.0,173217.0,1965.0,True
244,524947475858472960,27,103,False,0.0,7,0.0,True,0.14285714285714285,0.0,14946.0,131.0,True
245,524947502903345153,328,208,False,0.0,4,0.0,True,1.0,0.0,691.0,1.0,True
246,524947604690702336,18,210,False,0.5,6,0.0,True,0.0,0.0,11179.0,196.0,True
247,524947674164760577,11,115,False,0.09523809523809523,21,0.0,True,0.09523809523809523,0.0,6089.0,51.0,True
248,524947716393414656,779,169,False,0.057692307692307696,104,0.0,True,0.0673076923076923,0.0,539758.0,3353.0,True
249,524947744809418752,13,189,False,0.0,5,0.0,True,0.6,0.0,4301.0,57.0,True
250,524947867975561216,252,1035,False,0.05555555555555555,18,0.0,True,0.05555555555555555,0.0,20040953.0,158785.0,True
251,524947870735429632,23,145,False,0.14285714285714285,7,0.0,True,0.42857142857142855,0.0,788780.0,12932.0,True
252,524947964620701696,109,240,False,0.0,12,0.0,True,0.0,0.0,14825.0,132.0,True
253,524947971679744000,54,283,False,0.1111111111111111,9,0.0,True,0.5555555555555556,0.0,104230.0,735.0,True
254,524948206023880704,62,405,False,0.08,25,0.0,True,0.12,0.0,365791.0,5310.0,True
255,524948264148160513,137,543,False,0.0,11,0.0,True,0.09090909090909091,0.0,640277.0,5297.0,True
256,524948264886759424,29,104,False,0.4444444444444444,9,0.0,True,0.0,0.0,79908.0,1941.0,True
257,524948268355051520,19,122,False,0.0,4,0.0,True,0.25,0.0,5097.0,117.0,True
258,524948520605069312,1429,1570,False,0.05,20,0.0,True,0.05,0.0,667711.0,5328.0,True
259,524948554344054785,19,137,False,0.0,5,0.0,True,0.6,0.0,19622.0,566.0,True
260,524948618776944640,209,162,False,0.09090909090909091,11,0.0,True,0.2727272727272727,0.0,76613.0,1888.0,True
261,524948703850029056,21,171,False,0.75,4,0.0,True,0.25,0.0,198020.0,2130.0,True
262,524948710812581888,350,894,False,0.0,20,0.0,True,0.1,0.0,69295.0,2545.0,True
263,524948790227517440,50,149,False,0.0,9,0.0,True,0.0,0.0,3630829.0,36264.0,True
264,524948866773184512,13,177,False,0.0,4,0.0,True,0.0,0.0,658.0,58.0,True
265,524948941956448257,36,189,False,0.3333333333333333,9,0.0,True,0.3333333333333333,0.0,639562.0,9725.0,True
266,524949003834634240,97,393,False,0.0,2,0.0,True,1.0,0.0,2031.0,55.0,True
267,524949021744713728,34,256,False,0.0,5,0.0,True,0.0,0.0,19625.0,566.0,True
268,524949026064850944,16,210,False,0.25,8,0.0,True,0.375,0.0,19625.0,566.0,True
269,524949028728221698,1652,2054,False,0.11764705882352941,17,0.0,True,0.17647058823529413,0.0,1625639.0,11746.0,True
270,524949069945634816,58,129,False,0.38461538461538464,13,0.0,True,0.38461538461538464,0.0,173069.0,1962.0,True
271,524949073154301952,56,723,False,0.0,11,0.0,True,0.0,0.0,10341.0,328.0,True
272,524949136173694976,553,639,False,0.0,19,0.0,True,0.2631578947368421,0.0,789.0,16.0,True
273,524949243883425793,43,225,False,0.07407407407407407,27,0.0,True,0.07407407407407407,0.0,89874.0,2894.0,True
274,524949306101743616,13,143,False,0.0,8,0.0,True,0.0,0.0,4517.0,159.0,True
275,524949315245322241,1,635,False,1.0,1,0.0,True,1.0,0.0,7756.0,4.0,True
276,524949339131904000,179,618,False,0.06666666666666667,75,0.0,True,0.0,0.0,11835431.0,100148.0,True
277,524949435886096385,183,491,False,0.0625,16,0.0,True,0.0625,0.0,52097.0,3161.0,True
278,524949439367380993,43,308,False,0.0,4,0.0,True,0.5,0.0,1699.0,89.0,True
279,524949443607412737,73,239,False,0.0,5,0.0,True,0.0,0.0,35949.0,287.0,True
280,524949526487265280,168,1046,False,0.0,20,0.0,True,0.55,0.0,167620.0,1920.0,True
281,524949628689461249,51,165,False,0.3,10,0.0,True,0.0,0.0,26356.0,1095.0,True
282,524949733983657984,23,218,False,1.0,6,0.0,True,0.16666666666666666,0.0,42378.0,838.0,True
283,524949828711620608,31,121,False,0.46153846153846156,13,0.0,True,0.46153846153846156,0.0,4423478.0,43753.0,True
284,524949837729787905,11,127,False,0.0,4,0.0,True,0.75,0.0,11086.0,374.0,True
285,524949884143927296,185,334,False,0.0,11,0.0,True,0.36363636363636365,0.0,28285.0,300.0,True
286,524949887591653376,23,245,False,0.07692307692307693,13,0.0,True,0.23076923076923078,0.0,1110.0,32.0,True
287,524949897221795840,106,424,False,0.08,25,0.0,True,0.2,0.0,19903.0,746.0,True
288,524949939755810817,701,416,False,0.0,7,0.0,True,0.14285714285714285,0.0,23437.0,186.0,True
289,524950117192044544,18,140,False,0.0,4,0.0,True,0.5,0.0,8815.0,429.0,True
290,524950159160250368,44,208,False,0.0,21,0.0,True,0.2857142857142857,0.0,3627289.0,36237.0,True
291,524950203476869120,80,128,False,0.0,2,0.0,True,0.5,0.0,658.0,58.0,True
292,524950264303075328,51,268,False,0.2,5,0.0,True,0.0,0.0,198032.0,2130.0,True
293,524950321064607744,24,138,False,0.2,5,0.0,True,0.2,0.0,138166.0,2922.0,True
294,524950339074523137,276,682,False,0.34782608695652173,23,0.0,True,0.17391304347826086,0.0,600.0,33.0,True
295,524950395110842369,274,201,False,0.0,9,0.0,True,0.1111111111111111,0.0,137453.0,2753.0,True
296,524950404283772930,94,112,False,0.0,20,0.0,True,0.0,0.0,16845.0,852.0,True
297,524950428598153216,16,133,False,0.0,1,0.0,True,0.0,0.0,19633.0,566.0,True
298,524950455743291392,328,157,False,0.0,20,0.0,True,0.05,0.0,354410.0,3120.0,True
299,524950507023245313,40,112,False,0.25,4,0.0,True,0.25,0.0,70681.0,1968.0,True
300,524950584349454337,15,127,False,0.125,8,0.0,True,0.25,0.0,126174.0,1606.0,True
301,524950679274942464,402,564,False,0.0,19,0.0,True,0.0,0.0,3018067.0,8175.0,True
302,524950887119482882,79,429,False,0.125,16,0.0,True,0.0625,0.0,534910.0,10582.0,True
303,524950899899113473,135,366,False,0.18181818181818182,11,0.0,True,0.0,0.0,58098.0,1244.0,True
304,524951279760867328,47,109,False,0.4,5,0.0,True,0.4,0.0,5635.0,118.0,True
305,524951314556796929,122,293,False,0.15,20,0.0,True,0.05,0.0,20037492.0,158771.0,True
306,524951419175309312,23,309,False,0.0,8,0.0,True,0.375,0.0,482.0,24.0,True
307,524951439417044992,142,250,False,0.0,8,0.0,True,0.125,0.0,7050.0,263.0,True
308,524951456362012672,161,137,False,0.0,3,0.0,True,0.3333333333333333,0.0,70043.0,531.0,True
309,524951585231994880,142,1159,False,0.0,19,0.0,True,0.10526315789473684,0.0,66582.0,1660.0,True
310,524951625556066304,107,276,False,0.0625,16,0.0,True,0.125,0.0,7858.0,318.0,True
311,524951696376487936,32,182,False,0.16666666666666666,6,0.0,True,0.16666666666666666,0.0,3631336.0,36265.0,True
312,524951711941922818,272,1699,False,0.11764705882352941,17,0.0,True,0.058823529411764705,0.0,639877.0,5295.0,True
313,524951893467234304,26,144,False,0.42857142857142855,7,0.0,True,0.2857142857142857,0.0,639384.0,9723.0,True
314,524951948337098752,27,146,False,0.0,7,0.0,True,0.0,0.0,381603.0,7655.0,True
315,524952005157347328,39,115,False,0.0,4,0.0,True,0.5,0.0,12015.0,57.0,True
316,524952094986350592,59,140,False,0.0,1,0.0,True,1.0,0.0,11865.0,289.0,True
317,524952154482946048,27,114,False,0.5,2,0.0,True,0.0,0.0,5196723.0,82148.0,True
318,524952322703900672,321,157,False,0.0,19,0.0,True,0.15789473684210525,0.0,109104.0,1109.0,True
319,524952341561491459,33,163,False,0.3076923076923077,13,0.0,True,0.3076923076923077,0.0,788786.0,12934.0,True
320,524952407625957376,69,105,False,0.0,1,0.0,True,0.0,0.0,1592.0,70.0,True
321,524952437137092608,139,409,False,0.1,20,0.0,True,0.05,0.0,20038218.0,158766.0,True
322,524952808110694400,108,136,False,0.0,7,0.0,True,0.2857142857142857,0.0,36816.0,312.0,True
323,524952883343925249,319,1057,False,0.36363636363636365,22,0.0,True,0.0,0.0,11819737.0,100100.0,True
324,524952995034042368,104,622,False,0.07692307692307693,13,0.0,True,0.3076923076923077,0.0,60881.0,1600.0,True
325,524953017389707264,135,546,False,0.19444444444444445,36,0.0,True,0.0,0.0,198030.0,2130.0,True
326,524953077456318464,130,289,False,0.25,8,0.0,True,0.0,0.0,358.0,24.0,True
327,524953110285152256,41,154,False,0.4166666666666667,12,0.0,True,0.08333333333333333,0.0,640059.0,5296.0,True
328,524953391634866176,46,265,False,0.375,8,0.0,True,0.375,0.0,543092.0,10632.0,True
329,524953508978909185,247,784,False,0.05,20,0.0,True,0.05,0.0,28366.0,1045.0,True
330,524953530193301505,51,140,False,0.05263157894736842,19,0.0,True,0.15789473684210525,0.0,151684.0,1715.0,True
331,524953569762766848,745,3368,False,0.023809523809523808,42,0.0,True,0.07142857142857142,0.0,14431.0,221.0,True
332,524953604717686784,34,138,False,0.05,20,0.0,True,0.25,0.0,104228.0,734.0,True
333,524953767402553345,48,218,False,0.5,6,0.0,True,0.0,0.0,101558.0,5125.0,True
334,524953840127574016,114,853,False,0.0,19,0.0,True,0.2631578947368421,0.0,365999.0,5316.0,True
335,524953918166794240,20,107,False,0.0,8,0.0,True,0.0,0.0,2066.0,59.0,True
336,524954028287877121,26,105,False,0.25,8,0.0,True,0.0,0.0,5270314.0,87581.0,True
337,524954105471840256,398,404,False,0.0,4,0.0,True,0.0,0.0,539366.0,3931.0,True
338,524954161054756864,223,151,False,0.0,12,0.0,True,0.0,0.0,257901.0,2780.0,True
339,524954241547632640,46,177,False,0.36363636363636365,11,0.0,True,0.09090909090909091,0.0,2730839.0,23345.0,True
340,524954262657581057,480,386,False,0.0,7,0.0,True,0.0,0.0,324648.0,3976.0,True
341,524954313337364480,31,307,False,0.0,3,0.0,True,1.0,0.0,1182.0,18.0,True
342,524954586696933377,73,623,False,0.058823529411764705,17,0.0,True,0.17647058823529413,0.0,7000058.0,89113.0,True
343,524954623145431041,46,112,False,0.4,5,0.0,True,0.0,0.0,822820.0,11493.0,True
344,524954630279925760,26,132,False,0.26666666666666666,15,0.0,True,0.26666666666666666,0.0,5277773.0,87625.0,True
345,524954661703680000,45,108,False,0.14285714285714285,7,0.0,True,0.0,0.0,639124.0,9722.0,True
346,524954833648771072,54,197,False,0.46153846153846156,13,0.0,True,0.07692307692307693,0.0,5270012.0,87593.0,True
347,524955062486196224,18,126,False,0.0,5,0.0,True,0.2,0.0,1698.0,89.0,True
348,524955083297931264,234,126,False,0.14285714285714285,7,0.0,True,0.0,0.0,77869.0,57.0,True
349,524955102554361856,409,988,False,0.25,16,0.0,True,0.1875,0.0,20006178.0,158711.0,True
350,524955159840182272,51,333,False,0.25,12,0.0,True,0.0,0.0,4229623.0,63448.0,True
351,524955170200121344,131,320,False,0.0,4,0.0,True,0.25,0.0,32251.0,1195.0,True
352,524955243185176576,206,176,False,0.0,10,0.0,True,0.0,0.0,1563.0,22.0,True
353,524955251464736768,80,127,False,0.0,12,0.0,True,0.08333333333333333,0.0,804.0,15.0,True
354,524955304199352320,107,142,False,0.0,3,0.0,True,0.6666666666666666,0.0,67084.0,198.0,True
355,524955317201666048,35,148,False,0.5,6,0.0,True,0.16666666666666666,0.0,636641.0,5285.0,True
356,524955385480753153,134,294,False,0.0,15,0.0,True,0.06666666666666667,0.0,8906.0,316.0,True
357,524955386697515008,322,1809,False,0.0,35,0.0,True,0.11428571428571428,0.0,4309.0,57.0,True
358,524955388190662657,326,1645,False,0.0,30,0.0,True,0.4666666666666667,0.0,10338.0,328.0,True
359,524955557686284288,33,189,False,0.25,4,0.0,True,0.0,0.0,5277118.0,87624.0,True
360,524955620538343426,41,129,False,0.13333333333333333,15,0.0,True,0.06666666666666667,0.0,4228994.0,63448.0,True
361,524955850591334403,93,184,False,0.1111111111111111,9,0.0,True,0.2222222222222222,0.0,226591.0,2356.0,True
362,524955871689052160,18,102,False,0.0,2,0.0,True,0.5,0.0,5282.0,56.0,True
363,524956007324082177,24,157,False,0.0,4,0.0,True,0.25,0.0,117613.0,2240.0,True
364,524956129017995264,136,688,False,0.08823529411764706,34,0.0,True,0.14705882352941177,0.0,11834319.0,100145.0,True
365,524956168754843648,69,588,False,0.0,7,0.0,True,0.0,0.0,942.0,12.0,True
366,524956294395224064,17,135,False,0.0,28,0.0,True,0.03571428571428571,0.0,4533.0,62.0,True
367,524956372199555072,361,1449,False,0.0,9,0.0,True,0.0,0.0,20039250.0,158774.0,True
368,524956383318650880,174,724,False,0.35,20,0.0,True,0.15,0.0,535573.0,10595.0,True
369,524956415589621760,16,149,False,0.0,2,0.0,True,0.5,0.0,19009.0,557.0,True
370,524956449836130304,227,264,False,0.0,3,0.0,True,0.6666666666666666,0.0,32438.0,197.0,True
371,524956518404198400,169,198,False,0.0,6,0.0,True,0.3333333333333333,0.0,72070.0,865.0,True
372,524956648151191553,191,119,False,0.0,5,0.0,True,0.2,0.0,3757.0,55.0,True
373,524956731638841344,111,171,False,0.1,10,0.0,True,0.5,0.0,23781.0,477.0,True
374,524957105296404480,46,148,False,0.5,14,0.0,True,0.14285714285714285,0.0,1853295.0,24013.0,True
375,524957429889777665,55,256,False,0.13333333333333333,15,0.0,True,0.13333333333333333,0.0,1623751.0,14241.0,True
376,524957517294886912,51,129,False,0.0,19,0.0,True,0.21052631578947367,0.0,67225.0,1551.0,True
377,524957554829717504,353,197,False,0.0,2,0.0,True,1.0,0.0,14548.0,156.0,True
378,524957566502445056,17,126,False,0.0,9,0.0,True,0.2222222222222222,0.0,1527.0,26.0,True
379,524957647653863424,58,216,False,0.0,6,1.0,True,0.3333333333333333,0.0,365857.0,5313.0,True
380,524957752138149888,40,160,False,0.02631578947368421,38,0.0,True,0.02631578947368421,0.0,2735433.0,23371.0,True
381,524957773810135040,52,332,False,0.0,13,0.0,True,0.38461538461538464,0.0,103844.0,8705.0,True
382,524957872296583168,518,562,False,0.037037037037037035,27,0.0,True,0.037037037037037035,0.0,2787613.0,17334.0,True
383,524957925157384192,103,231,False,0.2,10,0.0,True,0.2,0.0,10693.0,632.0,True
384,524957974226550784,18,103,False,0.0,6,0.0,True,0.16666666666666666,0.0,835.0,42.0,True
385,524957978806743040,2798,4589,False,0.1794871794871795,39,0.0,True,0.05128205128205128,0.0,10051.0,308.0,True
386,524958128392376320,31,170,False,0.07142857142857142,14,0.0,True,0.07142857142857142,0.0,5196114.0,82144.0,True
387,524958173245870080,85,403,False,0.0,4,0.0,True,1.0,0.0,2052.0,55.0,True
388,524958227768020992,23,220,False,0.0,7,0.0,True,0.5714285714285714,0.0,2599.0,97.0,True
389,524958238316298240,192,583,False,0.3055555555555556,36,0.0,True,0.05555555555555555,0.0,116012.0,2230.0,True
390,524958250706681856,68,126,False,0.0,1,0.0,True,1.0,0.0,2032.0,27.0,True
391,524958383468978176,178,107,False,0.0,2,0.0,True,0.5,0.0,10625.0,129.0,True
392,524958384060366849,1369,893,False,0.0,19,0.0,True,0.42105263157894735,0.0,218864.0,2521.0,True
393,524958409381384192,352,187,False,0.0,20,0.0,True,0.1,0.0,127285.0,458.0,True
394,524958498770395137,250,684,False,0.10638297872340426,47,0.0,True,0.10638297872340426,0.0,14497074.0,100540.0,True
395,524958516822671360,160,109,False,0.0,14,0.0,True,0.07142857142857142,0.0,6953.0,188.0,True
396,524958599433691136,65,365,False,0.1,10,0.0,True,0.0,0.0,535897.0,10568.0,True
397,524958741259886592,45,117,False,0.2222222222222222,9,0.0,True,0.1111111111111111,0.0,176794.0,3414.0,True
398,524958743000125440,12,127,False,0.0,3,0.0,True,0.6666666666666666,0.0,5127.0,118.0,True
399,524958992330522624,69,192,False,0.25,12,0.0,True,0.08333333333333333,0.0,229560.0,5351.0,True
400,524959027516932096,260,726,False,0.21052631578947367,19,0.0,True,0.15789473684210525,0.0,20006771.0,158712.0,True
401,524959090125320193,264,229,False,0.09090909090909091,11,0.0,True,0.0,0.0,226803.0,3364.0,True
402,524959332656349187,15,121,False,0.0,9,0.0,True,0.2222222222222222,0.0,189396.0,5287.0,True
403,524959390332239872,51,141,False,0.0,10,0.0,True,0.0,0.0,5270102.0,87583.0,True
404,524959630158725120,206,678,False,0.24,25,0.0,True,0.24,0.0,14496989.0,100538.0,True
405,524959715957424128,22,110,False,0.0,5,0.0,True,0.2,0.0,8907.0,316.0,True
406,524959778125385728,312,447,False,0.22727272727272727,22,0.0,True,0.3181818181818182,0.0,1402.0,73.0,True
407,524959809402331137,182,414,False,0.3,20,0.0,True,0.15,0.0,20006387.0,158715.0,True
408,524959836778536961,22,123,False,0.2,5,0.0,True,0.0,0.0,3368156.0,37161.0,True
409,524960221694005248,24,108,False,0.0,3,0.0,True,0.0,0.0,742.0,42.0,True
410,524960245509287936,79,120,False,0.0,11,0.0,True,0.09090909090909091,0.0,42749.0,980.0,True
411,524960247518330881,25,147,False,0.0,16,0.0,True,0.0625,0.0,16603.0,551.0,True
412,524960277348233216,90,294,False,0.0,11,0.0,True,0.18181818181818182,0.0,506.0,39.0,True
413,524960580944560128,93,406,False,0.0,8,0.0,True,0.0,0.0,434.0,16.0,True
414,524960814944747520,37,249,False,0.0,20,0.0,True,0.1,0.0,16779.0,627.0,True
415,524960851493924864,61,116,False,0.2857142857142857,7,0.0,True,0.14285714285714285,0.0,14497497.0,100544.0,True
416,524961016904294400,377,165,False,0.05263157894736842,19,0.0,True,0.0,0.0,238999.0,983.0,True
417,524961055211286528,179,409,False,0.0,10,0.0,True,0.4,0.0,1565.0,31.0,True
418,524961070465945600,383,460,False,0.0,8,0.0,True,0.5,0.0,8330.0,143.0,True
419,524961362448240642,21,111,False,0.5,4,0.0,True,0.25,0.0,5191590.0,82113.0,True
420,524961408740380672,39,165,False,0.25,4,0.0,True,0.25,0.0,117549.0,2240.0,True
421,524961513006964736,37,164,False,0.5,2,0.0,True,0.5,0.0,66668.0,1661.0,True
422,524961561677680640,123,177,False,0.16666666666666666,6,0.0,True,0.6666666666666666,0.0,1456.0,30.0,True
423,524961589406216192,291,257,False,0.0,29,0.0,True,0.13793103448275862,0.0,178183.0,1489.0,True
424,524961659685588995,45,118,False,0.4,5,0.0,True,0.2,0.0,56631.0,1231.0,True
425,524961721744900097,152,864,False,0.0,24,0.0,True,0.16666666666666666,0.0,365986.0,5316.0,True
426,524961908903149568,45,241,False,0.16666666666666666,6,0.0,True,0.0,0.0,6997149.0,89091.0,True
427,524962072262881280,171,394,False,0.18181818181818182,22,0.0,True,0.09090909090909091,0.0,20037526.0,158771.0,True
428,524962142563610625,32,180,False,0.0,6,0.0,True,0.3333333333333333,0.0,570.0,28.0,True
429,524962199543230464,92,246,False,0.1,20,0.0,True,0.05,0.0,2735963.0,23371.0,True
430,524962450786226176,704,732,False,0.058823529411764705,34,0.0,True,0.14705882352941177,0.0,193126.0,2042.0,True
431,524962748237889536,782,1319,False,0.047619047619047616,21,0.0,True,0.19047619047619047,0.0,997.0,52.0,True
432,524963002768842752,375,165,False,0.0,11,0.0,True,0.36363636363636365,0.0,91134.0,1199.0,True
433,524963322525798400,2438,965,False,0.0,16,0.0,True,0.125,0.0,411114.0,1118.0,True
434,524963649455407105,127,123,False,0.0,2,0.0,True,0.5,0.0,1161.0,5.0,True
435,524963878904823808,343,189,False,0.0,16,0.0,True,0.25,0.0,136520.0,1844.0,True
436,524964129745174528,124,107,False,0.0,14,0.0,True,0.07142857142857142,0.0,20043.0,545.0,True
437,524964166936068097,18,129,False,0.0,1,0.0,True,0.0,0.0,62328.0,1635.0,True
438,524964223185850368,43,205,False,0.25,4,0.0,True,0.5,0.0,18800.0,362.0,True
439,524964278030172160,43,112,False,0.14285714285714285,7,0.0,True,0.14285714285714285,0.0,58057.0,1243.0,True
440,524964279456653312,95,569,False,0.0,5,0.0,True,0.8,0.0,62028.0,1629.0,True
441,524964457936863232,174,540,False,0.13333333333333333,15,0.0,True,0.26666666666666666,0.0,85199.0,1187.0,True
442,524964564018790400,112,224,False,0.2222222222222222,18,0.0,True,0.16666666666666666,0.0,5277344.0,87620.0,True
443,524964630221705216,87,168,False,0.14285714285714285,14,0.0,True,0.21428571428571427,0.0,229664.0,5353.0,True
444,524964929083023360,1250,1992,False,0.05263157894736842,19,0.0,True,0.5789473684210527,0.0,539.0,12.0,True
445,524964948683005952,125,723,False,0.0,46,0.0,True,0.2391304347826087,0.0,366219.0,5313.0,True
446,524964989975937024,42,138,False,0.3333333333333333,6,0.0,True,0.3333333333333333,0.0,13615.0,456.0,True
447,524965026256662528,35,111,False,0.3,20,0.0,True,0.15,0.0,3771.0,246.0,True
448,524965047647617024,32,107,False,0.5,4,0.0,True,0.25,0.0,28336.0,300.0,True
449,524965077318107137,21,132,False,0.0,3,0.0,True,0.3333333333333333,0.0,6199.0,265.0,True
450,524965165759221760,151,1252,False,0.2857142857142857,21,0.0,True,0.3333333333333333,0.0,283508.0,5583.0,True
451,524965242213007360,1775,1496,False,0.07692307692307693,13,0.0,True,0.23076923076923078,0.0,620966.0,5838.0,True
452,524965406377664512,93,226,False,0.0,13,0.0,True,0.23076923076923078,0.0,24280.0,718.0,True
453,524965597793107968,64,257,False,0.16666666666666666,12,0.0,True,0.08333333333333333,0.0,3630847.0,36264.0,True
454,524965701535412224,94,106,False,0.125,16,0.0,True,0.1875,0.0,432.0,5.0,True
455,524965723672961024,39,295,False,0.0,20,0.0,True,0.55,0.0,261465.0,7585.0,True
456,524965775036387329,68,165,False,0.0,5,0.0,True,0.2,0.0,2050.0,28.0,True
457,524965786059026432,26,128,False,0.42857142857142855,7,0.0,True,0.0,0.0,198032.0,2130.0,True
458,524966328734863360,449,240,False,0.0,1,0.0,True,1.0,0.0,17815.0,218.0,True
459,524966392702189569,27,127,False,0.0,6,0.0,True,0.16666666666666666,0.0,381272.0,7649.0,True
460,524966565788520448,99,218,False,0.0,9,0.0,True,0.3333333333333333,0.0,2477.0,41.0,True
461,524966572277129216,2543,1569,False,0.0,16,0.0,True,0.0,0.0,154096.0,797.0,True
462,524966582544781313,22,156,False,0.0,17,0.0,True,0.5882352941176471,0.0,1309822.0,14227.0,True
463,524966596897685504,44,181,False,0.375,8,0.0,True,0.125,0.0,116254.0,2225.0,True
464,524966770428243968,11,110,False,0.0,5,0.0,True,0.2,0.0,24388.0,720.0,True
465,524966904885428226,24,138,False,0.14285714285714285,7,0.0,True,0.2857142857142857,0.0,789414.0,12939.0,True
466,524966946467749888,320,316,False,0.16666666666666666,18,0.0,True,0.05555555555555555,0.0,906.0,39.0,True
467,524967231902318592,186,219,False,0.0,2,0.0,True,1.0,0.0,86939.0,559.0,True
468,524967298604359684,39,128,False,0.3,10,0.0,True,0.0,0.0,3630919.0,36264.0,True
469,524967376719466496,45,431,False,0.21052631578947367,19,0.0,True,0.0,0.0,6999796.0,89118.0,True
470,524967510563889152,120,195,False,0.25,4,0.0,True,0.25,0.0,288.0,12.0,True
471,524967572689522688,153,153,False,0.15789473684210525,19,0.0,True,0.0,0.0,278893.0,2938.0,True
472,524967620588896256,67,383,False,0.05263157894736842,19,0.0,True,0.10526315789473684,0.0,62311.0,1634.0,True
473,524967631171117056,17,148,False,0.0,3,0.0,True,0.3333333333333333,0.0,2341.0,57.0,True
474,524967711492014080,46,180,False,0.5,2,0.0,True,0.0,0.0,198030.0,2130.0,True
475,524967727266398209,38,193,False,0.4,5,0.0,True,0.2,0.0,5277434.0,87622.0,True
476,524967811081195520,14,167,False,0.0,2,0.0,True,1.0,0.0,2108.0,55.0,True
477,524968185016360960,145,113,False,0.08333333333333333,12,0.0,True,0.25,0.0,301553.0,2333.0,True
478,524968205690089472,48,324,False,0.2,15,0.0,True,0.06666666666666667,0.0,283381.0,5582.0,True
479,524968293577158656,37,166,False,0.0,9,0.0,True,0.1111111111111111,0.0,627.0,38.0,True
480,524968330172850177,37,127,False,0.6,5,0.0,True,0.4,0.0,542978.0,10633.0,True
481,524968337747767298,62,223,False,0.0,7,0.0,True,0.0,0.0,636822.0,5285.0,True
482,524968466559033345,481,224,False,0.0,16,0.0,True,0.0625,0.0,479038.0,6474.0,True
483,524968564306882560,139,182,False,0.0,23,0.0,True,0.043478260869565216,0.0,1386.0,14.0,True
484,524969137660231680,19,102,False,0.2,5,0.0,True,0.0,0.0,3565403.0,56970.0,True
485,524969144832491520,42,182,False,0.05555555555555555,18,0.0,True,0.0,0.0,1626062.0,14243.0,True
486,524969201102901248,250,415,False,0.3333333333333333,18,0.0,True,0.2222222222222222,0.0,640037.0,5296.0,True
487,524969415318982657,115,135,False,0.0,3,0.0,True,0.0,0.0,198.0,1.0,True
488,524969431534153728,19,106,False,0.0,6,0.0,True,0.0,0.0,2562.0,80.0,True
489,524969483317026816,164,791,False,0.0,29,0.0,True,0.034482758620689655,0.0,11836097.0,100157.0,True
490,524969501704855552,90,842,False,0.041666666666666664,24,0.0,True,0.16666666666666666,0.0,365820.0,5310.0,True
491,524969679790817280,52,118,False,0.0,10,0.0,True,0.8,0.0,11103.0,536.0,True
492,524969878823137280,41,161,False,0.3333333333333333,3,0.0,True,0.0,0.0,6997296.0,89095.0,True
493,524969963850051584,164,143,False,0.0,14,0.0,True,0.21428571428571427,0.0,101098.0,1254.0,True
494,524970097711267841,56,386,False,0.0,16,0.0,True,0.0625,0.0,1794.0,58.0,True
495,524970142719963136,5,1014,False,0.0,1,0.0,True,1.0,0.0,8036.0,2.0,True
496,524970444156571648,313,204,False,0.0,2,0.0,True,0.5,0.0,226792.0,2411.0,True
497,524970488590651395,900,249,False,0.0,19,0.0,True,0.0,0.0,506388.0,4635.0,True
498,524970731202166784,21,112,False,0.3333333333333333,9,0.0,True,0.3333333333333333,0.0,1306314.0,23410.0,True
499,524970851675176960,56,162,False,0.2,10,0.0,True,0.0,0.0,29424.0,1023.0,True
500,524970966842376192,88,569,False,0.0,19,0.0,True,0.2631578947368421,0.0,366051.0,5312.0,True
501,524971124845985792,388,199,False,0.0,11,0.0,True,0.18181818181818182,0.0,33840.0,208.0,True
502,524971165056782337,113,112,False,0.0,4,0.0,True,0.75,0.0,23783.0,477.0,True
503,524971258996588544,100,234,False,0.0,2,0.0,True,1.0,0.0,2045.0,109.0,True
504,524971386838978560,32,201,False,0.0,1,0.0,True,1.0,0.0,2007.0,67.0,True
505,524971492820647936,166,351,False,0.16,25,0.0,True,0.24,0.0,14498152.0,100535.0,True
506,524972166006464512,49,142,False,0.75,4,0.0,True,0.25,0.0,173344.0,1965.0,True
507,524972277406773248,37,126,False,0.18181818181818182,11,0.0,True,0.09090909090909091,0.0,441929.0,10087.0,True
508,524972443308683264,22,144,False,0.08333333333333333,12,0.0,True,0.08333333333333333,0.0,4313.0,221.0,True
509,524973223356940288,185,126,False,0.0,2,0.0,True,0.5,0.0,21349.0,232.0,True
510,524973444946202624,45,127,False,0.0,22,0.0,True,0.18181818181818182,0.0,43612.0,1529.0,True
511,524973811092193280,14,109,False,0.2,5,0.0,True,0.6,0.0,1698.0,88.0,True
512,524973920722878464,1529,902,False,0.04,25,0.0,True,0.2,0.0,565073.0,6004.0,True
513,524974106308251648,115,941,False,0.0,20,0.0,True,0.6,0.0,173259.0,1967.0,True
514,524974135030874114,142,201,False,0.0,1,0.0,True,1.0,0.0,11986.0,56.0,True
515,524974318087061504,73,409,False,0.0,19,0.0,True,0.5263157894736842,0.0,10340.0,328.0,True
516,524974456851410944,88,273,False,0.2,5,0.0,True,0.0,0.0,822191.0,11487.0,True
517,524974518960652290,54,155,False,0.35294117647058826,17,0.0,True,0.0,0.0,61900.0,1955.0,True
518,524974566830247936,10,176,False,0.0,2,0.0,True,0.5,0.0,1137.0,21.0,True
519,524974779540197376,710,1032,False,0.0,20,0.0,True,0.2,0.0,361165.0,5275.0,True
520,524974786460778497,101,174,False,0.15789473684210525,19,0.0,True,0.3157894736842105,0.0,1309828.0,14227.0,True
521,524974885362479104,108,619,False,0.0,18,0.0,True,0.05555555555555555,0.0,637054.0,5287.0,True
522,524974900017373184,240,103,False,0.0,20,0.0,True,0.1,0.0,1545823.0,3571.0,True
523,524974975623892992,91,130,False,0.0,6,0.0,True,0.16666666666666666,0.0,45881.0,1760.0,True
524,524975031059632128,1842,1447,False,0.02564102564102564,39,0.0,True,0.1282051282051282,0.0,7270215.0,13957.0,True
525,524975093966209025,78,222,False,0.0,13,0.0,True,0.15384615384615385,0.0,552.0,30.0,True
526,524975142641086465,150,411,False,0.0,14,0.0,True,0.07142857142857142,0.0,637068.0,5287.0,True
527,524975552638504960,148,361,False,0.0,11,0.0,True,0.18181818181818182,0.0,301463.0,2333.0,True
528,524975642379816960,52,120,False,0.0,3,0.0,True,1.0,0.0,94198.0,565.0,True
529,524975705206304769,129,381,False,0.0,24,0.0,True,0.3333333333333333,0.0,361288.0,5278.0,True
530,524975847846203393,93,122,False,0.0,6,0.0,True,0.16666666666666666,0.0,397698.0,7870.0,True
531,524976313766273025,183,310,False,0.08333333333333333,12,0.0,True,0.08333333333333333,0.0,215.0,5.0,True
532,524976486902951936,53,194,False,0.4444444444444444,9,0.0,True,0.6666666666666666,0.0,19613.0,668.0,True
533,524976526891417600,209,731,False,0.047619047619047616,21,0.0,True,0.09523809523809523,0.0,20037542.0,158771.0,True
534,524976773671292928,76,145,False,0.5,4,0.0,True,0.0,0.0,226667.0,2357.0,True
535,524976835881205760,82,111,False,0.0,13,0.0,True,0.3076923076923077,0.0,2137.0,40.0,True
536,524976857822011394,27,150,False,0.14285714285714285,7,0.0,True,0.42857142857142855,0.0,126198.0,1606.0,True
537,524976929703997441,73,388,False,0.05263157894736842,19,0.0,True,0.15789473684210525,0.0,4221887.0,63404.0,True
538,524976963862429697,439,1393,False,0.45,20,0.0,True,0.5,0.0,14496794.0,100534.0,True
539,524976980799000578,38,142,False,0.08333333333333333,12,0.0,True,0.0,0.0,197998.0,2129.0,True
540,524977076433321987,22,113,False,0.0,1,0.0,True,1.0,0.0,63044.0,1653.0,True
541,524977285133524993,34,118,False,0.0,1,0.0,True,0.0,0.0,637264.0,5288.0,True
542,524977321430630400,24,127,False,0.0,7,0.0,True,0.2857142857142857,0.0,3627810.0,36246.0,True
543,524977651476623360,41,207,False,0.5625,16,0.0,True,0.125,0.0,542998.0,10633.0,True
544,524977669902172160,68,146,False,0.5,4,0.0,True,0.5,0.0,201652.0,1745.0,True
545,524977767688200192,26,113,False,0.0,1,0.0,True,1.0,0.0,3491.0,84.0,True
546,524977812852461568,2594,2742,False,0.041666666666666664,24,0.0,True,0.16666666666666666,0.0,397681.0,7872.0,True
547,524977830124617728,1007,896,False,0.0,13,0.0,True,0.3076923076923077,0.0,290759.0,2134.0,True
548,524977992683237376,31,144,False,0.2,5,0.0,True,0.4,0.0,66610.0,1661.0,True
549,524978172110987264,23,122,False,0.25,4,0.0,True,0.25,0.0,117570.0,2240.0,True
550,524978196589334529,201,112,False,0.25,4,0.0,True,0.5,0.0,30551.0,252.0,True
551,524978422188376064,237,126,False,0.0,8,0.0,True,0.375,0.0,20886.0,99.0,True
552,524978526974668800,124,175,False,0.5555555555555556,9,0.0,True,0.5555555555555556,0.0,302326.0,2334.0,True
553,524978855531253760,49,134,False,0.5,12,0.0,True,0.5833333333333334,0.0,639623.0,9725.0,True
554,524978912145985536,34,116,False,0.25,8,0.0,True,0.0,0.0,62286.0,1958.0,True
555,524978999534317568,502,355,False,0.0,10,0.0,True,0.0,0.0,523510.0,4688.0,True
556,524979070288019456,309,231,False,0.0,17,0.0,True,0.058823529411764705,0.0,3604385.0,28706.0,True
557,524979089787330560,94,114,False,0.0,23,0.0,True,0.13043478260869565,0.0,141.0,4.0,True
558,524979133366165504,280,329,False,0.18181818181818182,11,0.0,True,0.18181818181818182,0.0,10180464.0,36404.0,True
559,524979152944779265,14,686,False,0.0,1,0.0,True,1.0,0.0,1267599.0,90.0,True
560,524979179235069952,699,550,False,0.0,14,0.0,True,0.21428571428571427,0.0,290780.0,2134.0,True
561,524979184297590784,16,166,False,0.0,2,0.0,True,1.0,0.0,58159.0,921.0,True
562,524979279701241856,71,3622,False,0.0,1,0.0,True,1.0,0.0,438447.0,64.0,True
563,524979548195024898,269,718,False,0.3,20,0.0,True,0.1,0.0,643.0,33.0,True
564,524979668282519552,180,604,False,0.1875,16,0.0,True,0.125,0.0,11834279.0,100145.0,True
565,524979702940045313,104,104,False,0.0,11,0.0,True,0.18181818181818182,0.0,18402.0,763.0,True
566,524979756371288064,55,171,False,0.2,15,0.0,True,0.0,0.0,639554.0,9725.0,True
567,524979881525137409,241,457,False,0.0,21,0.0,True,0.09523809523809523,0.0,20009396.0,158724.0,True
568,524979925343014912,107,287,False,0.0,16,0.0,True,0.0,0.0,637283.0,5287.0,True
569,524979946218061824,31,110,False,0.75,4,0.0,True,0.0,0.0,639938.0,5294.0,True
570,524980166289002496,1145,504,False,0.0,20,0.0,True,0.05,0.0,155303.0,1257.0,True
571,524980219749597185,75,212,False,0.1,20,0.0,True,0.25,0.0,543301.0,10639.0,True
572,524980402495430656,204,201,False,0.0,11,0.0,True,0.45454545454545453,0.0,116390.0,1830.0,True
573,524980483479076864,456,519,False,0.05263157894736842,19,0.0,True,0.05263157894736842,0.0,485844.0,4388.0,True
574,524980504324358144,67,135,False,0.0,18,0.0,True,0.16666666666666666,0.0,7927.0,185.0,True
575,524980579956449281,50,101,False,0.0,2,0.0,True,0.0,0.0,638010.0,5288.0,True
576,524980744658382848,66,219,False,0.1,10,0.0,True,0.1,0.0,361729.0,5273.0,True
577,524980775741956097,28,107,False,0.2727272727272727,11,0.0,True,0.09090909090909091,0.0,452.0,7.0,True
578,524981223291383809,92,171,False,0.5,10,0.0,True,0.1,0.0,20009741.0,158726.0,True
579,524981427260366848,313,191,False,0.0,7,0.0,True,0.14285714285714285,0.0,262088.0,3253.0,True
580,524981436252950528,36,184,False,0.125,8,0.0,True,0.25,0.0,18002.0,638.0,True
581,524981463033581568,16,118,False,0.875,8,0.0,True,0.375,0.0,37817.0,494.0,True
582,524981513637888000,69,504,False,0.0,15,0.0,True,0.3333333333333333,0.0,37764.0,493.0,True
583,524981557770350592,76,458,False,0.1,20,0.0,True,0.25,0.0,4222062.0,63409.0,True
584,524981565462704129,49,370,False,0.0,4,0.0,True,0.25,0.0,10410.0,439.0,True
585,524981689781870593,803,2215,False,0.125,16,0.0,True,0.25,0.0,32916.0,462.0,True
586,524981890567385088,117,122,False,0.0,10,0.0,True,0.2,0.0,815.0,19.0,True
587,524981945131102211,153,156,False,0.0,6,0.0,True,0.3333333333333333,0.0,38415.0,475.0,True
588,524982066564567040,106,377,False,0.0,28,0.0,True,0.03571428571428571,0.0,640044.0,5296.0,True
589,524982531075371008,23,111,False,0.0,3,0.0,True,0.0,0.0,198020.0,2132.0,True
590,524982608716120065,29,181,False,0.0,2,0.0,True,0.5,0.0,63406.0,1635.0,True
591,524982699220803586,71,401,False,0.0,12,0.0,True,0.16666666666666666,0.0,365865.0,5313.0,True
592,524982907052765184,56,129,False,0.0,22,0.0,True,0.09090909090909091,0.0,543208.0,10632.0,True
593,524982954880413696,16,118,False,0.42857142857142855,7,0.0,True,0.14285714285714285,0.0,7108.0,192.0,True
594,524983050187579393,20,112,False,0.0,12,0.0,True,0.0,0.0,17716.0,559.0,True
595,524983146266505216,27,100,False,0.75,4,0.0,True,0.0,0.0,6999932.0,89113.0,True
596,524983236712476672,347,350,False,0.08695652173913043,23,0.0,True,0.13043478260869565,0.0,445912.0,3835.0,True
597,524983325275197440,34,187,False,0.5,4,0.0,True,0.5,0.0,361963.0,5291.0,True
598,524983366261936130,93,274,False,0.1,20,0.0,True,0.0,0.0,4229856.0,63449.0,True
599,524983395026497536,76,413,False,0.0,19,0.0,True,0.3684210526315789,0.0,33674.0,479.0,True
600,524983403775799297,49,101,False,0.0,4,0.0,True,0.5,0.0,106770.0,3002.0,True
601,524983581983375360,203,503,False,0.21052631578947367,19,0.0,True,0.10526315789473684,0.0,20041552.0,158766.0,True
602,524983599851130880,55,454,False,0.0,8,0.0,True,0.625,0.0,33721.0,482.0,True
603,524983828000276480,167,823,False,0.0,7,0.0,True,0.2857142857142857,0.0,33771.0,483.0,True
604,524984209505812480,70,162,False,0.034482758620689655,87,0.0,True,0.14942528735632185,0.0,3559190.0,56942.0,True
605,524984505376182272,212,239,False,0.0,1,0.0,True,1.0,0.0,44627.0,615.0,True
606,524984773211860994,291,1075,False,0.20512820512820512,39,0.0,True,0.2564102564102564,0.0,11836693.0,100152.0,True
607,524985046198157313,160,115,False,0.0,6,0.0,True,0.5,0.0,91810.0,1438.0,True
608,524985092343889920,1451,1997,False,0.0,65,0.0,True,0.046153846153846156,0.0,822258.0,4946.0,True
609,524985325190656000,65,115,False,0.5,8,0.0,True,0.0,0.0,639876.0,5295.0,True
610,524985687704338432,239,883,False,0.42857142857142855,21,0.0,True,0.23809523809523808,0.0,13669145.0,151625.0,True
611,524985689905967105,247,224,False,0.0,1,0.0,True,1.0,0.0,178157.0,2062.0,True
612,524986210402705408,50,102,False,0.037037037037037035,27,0.0,True,0.18518518518518517,0.0,3561317.0,56952.0,True
613,524986649315667968,160,104,False,0.0,19,0.0,True,0.15789473684210525,0.0,174881.0,3116.0,True
614,524986820850106370,54,105,False,0.0,2,0.0,True,0.5,0.0,21344.0,188.0,True
615,524987107081977856,79,222,False,0.13333333333333333,15,0.0,True,0.4,0.0,7707251.0,81629.0,True
616,524987150413336576,766,552,False,0.0,5,0.0,True,0.6,0.0,717.0,17.0,True
617,524987184836005889,23,135,False,0.3333333333333333,3,0.0,True,0.3333333333333333,0.0,63641.0,1639.0,True
618,524987263835721728,119,139,False,0.0,3,0.0,True,0.6666666666666666,0.0,22574.0,52.0,True
619,524987432656453632,161,228,False,0.10344827586206896,29,0.0,True,0.034482758620689655,0.0,20010445.0,158732.0,True
620,524987851046658048,93,177,False,0.2857142857142857,28,0.0,True,0.17857142857142858,0.0,11834541.0,100146.0,True
621,524987990524047361,33,131,False,0.0,4,0.0,True,0.0,0.0,173269.0,1966.0,True
622,524988027425554432,285,209,False,0.0,2,0.0,True,0.0,0.0,305725.0,3077.0,True
623,524988555178045440,19,102,False,0.0,2,0.0,True,0.5,0.0,15597.0,229.0,True
624,524988712367955970,56,259,False,0.25,28,0.0,True,0.07142857142857142,0.0,4229711.0,63448.0,True
625,524988783213547520,235,138,False,0.0,27,0.0,True,0.2222222222222222,0.0,180904.0,3200.0,True
626,524989654995849216,30,148,False,0.0,7,0.0,True,0.14285714285714285,0.0,362291.0,5274.0,True
627,524989886483673088,83,138,False,0.16666666666666666,6,0.0,True,0.3333333333333333,0.0,637673.0,5287.0,True
628,524990163446140928,70,273,False,0.0,6,0.0,True,0.16666666666666666,0.0,173267.0,1966.0,True
629,524990180034609152,264,464,False,0.05263157894736842,19,0.0,True,0.05263157894736842,0.0,1625617.0,14242.0,True
630,524990519777443840,70,137,False,0.2,10,0.0,True,0.1,0.0,7698912.0,81587.0,True
631,524991067675189250,125,397,False,0.07692307692307693,26,0.0,True,0.2692307692307692,0.0,639701.0,9726.0,True
632,524991119164473344,290,167,False,0.0,17,0.0,True,0.0,0.0,186497.0,2350.0,True
633,524991452527722496,394,431,False,0.0,1,0.0,True,1.0,0.0,258187.0,111.0,True
634,524991470416461824,305,188,False,0.0,6,0.0,True,0.0,0.0,16012.0,161.0,True
635,524991576163250176,28,113,False,0.3,10,0.0,True,0.1,0.0,3366613.0,37146.0,True
636,524991832451981312,76,268,False,0.22727272727272727,22,0.0,True,0.3181818181818182,0.0,7707931.0,81632.0,True
637,524991844292521984,34,127,False,0.16666666666666666,12,0.0,True,0.0,0.0,6997663.0,89107.0,True
638,524992063553953792,340,152,False,0.0,8,0.0,True,0.25,0.0,35686.0,279.0,True
639,524993009440403456,829,620,False,0.0,22,0.0,True,0.0,0.0,82725.0,2805.0,True
640,524993166651318273,33,146,False,0.0,3,0.0,True,1.0,0.0,2115.0,55.0,True
641,524993172271665153,274,160,False,0.0,8,0.0,True,0.125,0.0,61545.0,2319.0,True
642,524993523746373633,71,240,False,0.0,18,0.0,True,0.2222222222222222,0.0,366023.0,5316.0,True
643,524993533212897281,95,228,False,0.0,7,0.0,True,0.0,0.0,173097.0,1962.0,True
644,524993612279336960,46,123,False,0.08695652173913043,23,0.0,True,0.17391304347826086,0.0,285109.0,5021.0,True
645,524994218964815873,33,155,False,0.0,6,0.0,True,0.3333333333333333,0.0,15617.0,229.0,True
646,524994747883323392,95,141,False,0.0,4,0.0,True,0.25,0.0,996.0,10.0,True
647,524994809912504321,194,159,False,0.0,1,0.0,True,1.0,0.0,510235.0,890.0,True
648,524994965366382593,103,212,False,0.02631578947368421,38,0.0,True,0.13157894736842105,0.0,698.0,26.0,True
649,524995166953033729,102,370,False,0.3333333333333333,9,0.0,True,0.4444444444444444,0.0,543327.0,10640.0,True
650,524995375468249088,102,175,False,0.0,9,0.0,True,0.7777777777777778,0.0,666.0,14.0,True
651,524995620088864768,102,112,False,0.08108108108108109,37,0.0,True,0.1891891891891892,0.0,7096.0,367.0,True
652,524995771587108864,120,136,False,0.0,7,0.0,True,0.2857142857142857,0.0,12444.0,262.0,True
653,524995776578330624,52,145,False,0.05263157894736842,19,0.0,True,0.0,0.0,675165.0,14383.0,True
654,524995812854489089,66,161,False,0.10526315789473684,19,0.0,True,0.10526315789473684,0.0,228021.0,5343.0,True
655,524995942995746819,226,164,False,0.0,6,0.0,True,0.16666666666666666,0.0,209275.0,3316.0,True
656,524996383120818176,85,134,False,0.25,8,0.0,True,0.125,0.0,860141.0,10881.0,True
657,524996756220956672,1304,2176,False,0.05,20,0.0,True,0.25,0.0,2661.0,42.0,True
658,524997030536830976,25,139,False,0.5,2,0.0,True,1.0,0.0,64112.0,1649.0,True
659,524997921042071553,320,178,False,0.0,5,0.0,True,0.0,0.0,44994.0,371.0,True
660,524998110268096513,73,181,False,0.0,10,0.0,True,0.3,0.0,696.0,18.0,True
661,524998460848611328,393,394,False,0.0,34,0.0,True,0.058823529411764705,0.0,323203.0,3393.0,True
662,524998881676107776,255,191,False,0.0,26,0.0,True,0.0,0.0,427285.0,351.0,True
663,524998906799988736,41,162,False,0.0,4,0.0,True,0.75,0.0,1565.0,79.0,True
664,524999079127162880,229,138,False,0.0,19,0.0,True,0.05263157894736842,0.0,68797.0,710.0,True
665,524999488067633152,50,145,False,0.0,2,0.0,True,1.0,0.0,10482.0,445.0,True
666,525000220371734528,88,234,False,0.4,10,0.0,True,0.1,0.0,25868.0,674.0,True
667,525000349648949250,213,528,False,0.16666666666666666,18,0.0,True,0.3333333333333333,0.0,7707428.0,81630.0,True
668,525001708318240768,16,151,False,0.17647058823529413,17,0.0,True,0.0,0.0,637810.0,5289.0,True
669,525001895631654912,123,392,False,0.0,23,0.0,True,0.17391304347826086,0.0,365798.0,5310.0,True
670,525002243100401664,67,129,False,0.07692307692307693,13,0.0,True,0.07692307692307693,0.0,3628151.0,36247.0,True
671,525002842021445632,142,183,False,0.0,3,0.0,True,0.3333333333333333,0.0,3445.0,156.0,True
672,525003253185277952,157,436,False,0.19230769230769232,26,0.0,True,0.19230769230769232,0.0,14496994.0,100538.0,True
673,525003468659228672,192,358,False,0.11538461538461539,26,0.0,True,0.038461538461538464,0.0,286.0,9.0,True
674,525005134624215041,145,156,False,0.05263157894736842,19,0.0,True,0.05263157894736842,0.0,16970.0,853.0,True
675,525005137405018112,85,102,False,0.375,8,0.0,True,0.125,0.0,638496.0,5286.0,True
676,525005886272843776,537,597,False,0.06666666666666667,15,0.0,True,0.26666666666666666,0.0,66688.0,1661.0,True
677,525006356731166720,31,119,False,0.3333333333333333,6,0.0,True,0.3333333333333333,0.0,639637.0,9725.0,True
678,525006847095615489,78,553,False,0.0,7,0.0,True,0.0,0.0,35654.0,477.0,True
679,525006853626159105,709,348,False,0.1,20,0.0,True,0.1,0.0,56905.0,195.0,True
680,525007169956347904,295,423,False,0.03571428571428571,28,0.0,True,0.21428571428571427,0.0,26673.0,1365.0,True
681,525007337724325889,343,522,False,0.0,21,0.0,True,0.2857142857142857,0.0,10294.0,663.0,True
682,525007664544493569,68,123,False,0.0,2,0.0,True,0.0,0.0,4369.0,244.0,True
683,525007810871164929,87,145,False,0.14285714285714285,21,0.0,True,0.19047619047619047,0.0,106785.0,3002.0,True
684,525008463819464704,120,127,False,0.2,10,0.0,True,0.2,0.0,6538.0,306.0,True
685,525008469385302017,103,317,False,0.17391304347826086,23,0.0,True,0.043478260869565216,0.0,13658248.0,151567.0,True
686,525008613392515073,207,211,False,0.0,3,0.0,True,0.6666666666666666,0.0,1075559.0,121.0,True
687,525009541671702528,180,238,False,0.0,9,0.0,True,0.2222222222222222,0.0,37768.0,29.0,True
688,525009850104037376,223,350,False,0.11764705882352941,17,0.0,True,0.29411764705882354,0.0,126174.0,1606.0,True
689,525010084003213312,269,442,False,0.0,14,0.0,True,0.42857142857142855,0.0,20284.0,551.0,True
690,525010245811466240,68,156,False,0.25,4,0.0,True,0.75,0.0,64353.0,1646.0,True
691,525011494896148480,78,115,False,0.25,8,0.0,True,0.25,0.0,138160.0,2923.0,True
692,525011747007377408,126,354,False,0.2608695652173913,23,0.0,True,0.13043478260869565,0.0,5277379.0,87621.0,True
693,525012247249428482,52,140,False,0.21739130434782608,23,0.0,True,0.08695652173913043,0.0,670222.0,16355.0,True
694,525012561214058496,130,341,False,0.0,20,0.0,True,0.25,0.0,8665.0,203.0,True
695,525012689568161792,730,891,False,0.0,19,0.0,True,0.21052631578947367,0.0,4317.0,135.0,True
696,525012738280792065,85,123,False,0.0,13,0.0,True,0.15384615384615385,0.0,8727.0,203.0,True
697,525012912562536448,130,115,False,0.0,17,0.0,True,0.17647058823529413,0.0,235729.0,2564.0,True
698,525013278343581696,107,607,False,0.03225806451612903,31,0.0,True,0.22580645161290322,0.0,124261.0,2186.0,True
699,525015193425031168,92,250,False,0.21428571428571427,14,0.0,True,0.7142857142857143,0.0,7699541.0,81592.0,True
700,525015836226895875,243,191,False,0.0,4,0.0,True,0.25,0.0,23395.0,368.0,True
701,525016728091500545,144,114,False,0.0,5,0.0,True,0.6,0.0,3505.0,80.0,True
702,525016983646244865,118,245,False,0.0,10,0.0,True,0.3,0.0,3958.0,103.0,True
703,525017500061536258,218,814,False,0.021739130434782608,46,0.0,True,0.2391304347826087,0.0,363197.0,5279.0,True
704,525018288330272768,360,198,False,0.0,8,0.0,True,0.25,0.0,206666.0,3260.0,True
705,525018717038854144,433,192,False,0.09090909090909091,33,0.0,True,0.18181818181818182,0.0,152698.0,1903.0,True
706,525018799347875841,26,132,False,0.125,8,0.0,True,0.125,0.0,48139.0,934.0,True
707,525019265888702464,180,198,False,0.03225806451612903,31,0.0,True,0.22580645161290322,0.0,363400.0,5285.0,True
708,525019469983531008,88,186,False,0.0,40,0.0,True,0.075,0.0,4223219.0,63428.0,True
709,525019752507658240,231,1128,False,0.08571428571428572,35,0.0,True,0.08571428571428572,0.0,2582.0,64.0,True
710,525019992337551360,240,362,False,0.0,29,0.0,True,0.06896551724137931,0.0,278912.0,2938.0,True
711,525020326816927744,2057,5029,False,0.2,25,0.0,True,0.16,0.0,543139.0,10632.0,True
712,525020620636307456,20,110,False,0.0,10,0.0,True,0.2,0.0,201.0,2.0,True
713,525020733622464512,58,197,False,0.3076923076923077,13,0.0,True,0.23076923076923078,0.0,4424572.0,43767.0,True
714,525020980037816320,794,746,False,0.0,19,0.0,True,0.15789473684210525,0.0,236641.0,3158.0,True
715,525021050627973120,1472,794,False,0.0,20,0.0,True,0.45,0.0,583787.0,3849.0,True
716,525021083892994049,67,128,False,0.14285714285714285,7,0.0,True,0.14285714285714285,0.0,662.0,61.0,True
717,525021103559696384,222,314,False,0.014925373134328358,67,0.0,True,0.13432835820895522,0.0,162619.0,2695.0,True
718,525021132022628353,94,166,False,0.0,4,0.0,True,1.0,0.0,4154.0,265.0,True
719,525021358879936512,231,395,False,0.0,16,0.0,True,0.3125,0.0,149.0,4.0,True
720,525021697003782145,85,144,False,0.0,9,0.0,True,0.2222222222222222,0.0,726.0,11.0,True
721,525022663102963712,51,122,False,0.0,7,0.0,True,0.2857142857142857,0.0,3389.0,159.0,True
722,525022700923019264,102,452,False,0.0,23,0.0,True,0.5652173913043478,0.0,366246.0,5315.0,True
723,525022821534429185,204,316,False,0.0,23,0.0,True,0.21739130434782608,0.0,26624.0,687.0,True
724,525023025792835585,71,161,False,0.0,12,0.0,True,0.3333333333333333,0.0,25178.0,495.0,True
725,525023057526947840,38,111,False,0.0,4,0.0,True,1.0,0.0,7143.0,167.0,True
726,525023610243928064,42,188,False,0.0,21,0.0,True,0.14285714285714285,0.0,3166.0,108.0,True
727,525023642007371776,166,413,False,0.15,20,0.0,True,0.4,0.0,18803.0,362.0,True
728,525023858831523841,182,325,False,0.0,17,0.0,True,0.29411764705882354,0.0,10285.0,158.0,True
729,525023912221212672,56,276,False,0.0,17,0.0,True,0.0,0.0,5277511.0,87624.0,True
730,525024066152169473,88,514,False,0.05555555555555555,18,0.0,True,0.16666666666666666,0.0,363470.0,5288.0,True
731,525024181218725888,779,1886,False,0.0,19,0.0,True,0.10526315789473684,0.0,66550.0,1660.0,True
732,525024518713397249,58,208,False,0.0,20,0.0,True,0.15,0.0,315.0,10.0,True
733,525025114111635456,383,751,False,0.02127659574468085,47,0.0,True,0.3191489361702128,0.0,7568.0,55.0,True
734,525025279803424768,43,121,False,0.0,9,0.0,True,0.2222222222222222,0.0,6540.0,306.0,True
735,525025329916948481,32,149,False,0.0,8,0.0,True,0.125,0.0,173154.0,1962.0,True
736,525025463648137216,54,149,False,0.0,11,0.0,True,0.09090909090909091,0.0,638122.0,5286.0,True
737,525025552634494976,97,180,False,0.1,10,0.0,True,0.3,0.0,543017.0,10633.0,True
738,525025695425380352,96,170,False,0.4,5,0.0,True,0.4,0.0,36949.0,784.0,True
739,525025806079504385,35,168,False,0.11538461538461539,26,0.0,True,0.19230769230769232,0.0,50010.0,896.0,True
740,525026031833718785,147,130,False,0.0,6,0.0,True,0.5,0.0,29756.0,531.0,True
741,525026066944262144,34,283,False,1.0,6,0.0,True,1.0,0.0,36265.0,482.0,True
742,525026219100995584,427,1235,False,0.08,25,0.0,True,0.24,0.0,543305.0,10639.0,True
743,525026592788348929,30,127,False,0.0,17,0.0,True,0.11764705882352941,0.0,173317.0,1965.0,True
744,525026715123601408,34,126,False,0.25,12,0.0,True,0.0,0.0,7000093.0,89113.0,True
745,525026947307700225,465,481,False,0.0,9,0.0,True,0.3333333333333333,0.0,12015.0,57.0,True
746,525026973459165184,347,259,False,0.0,19,0.0,True,0.05263157894736842,0.0,3909850.0,25464.0,True
747,525027116287811584,306,233,False,0.0,2,0.0,True,0.0,0.0,1937.0,2.0,True
748,525027317551079424,42,100,False,0.0,12,0.0,True,0.0,0.0,3631068.0,36263.0,True
749,525027539845410816,98,300,False,0.14285714285714285,21,0.0,True,0.0,0.0,5277126.0,87624.0,True
750,525027651908800512,254,466,False,0.09090909090909091,33,0.0,True,0.09090909090909091,0.0,282134.0,5580.0,True
751,525027873867198465,207,244,False,0.0,7,0.0,True,0.2857142857142857,0.0,9052.0,22.0,True
752,525027958835408896,121,107,False,0.0,4,0.0,True,0.5,0.0,1796.0,72.0,True
753,525028171549523971,131,306,False,0.125,40,0.0,True,0.025,0.0,11824831.0,100116.0,True
754,525028522361114625,440,857,False,0.42105263157894735,19,0.0,True,0.05263157894736842,0.0,639267.0,9722.0,True
755,525028734991343617,57,134,False,0.16666666666666666,6,0.0,True,0.0,0.0,640090.0,5296.0,True
756,525028955049320448,55,132,False,0.38095238095238093,21,0.0,True,0.38095238095238093,0.0,4424826.0,43761.0,True
757,525029016001318913,59,154,False,0.0,56,0.0,True,0.03571428571428571,0.0,173240.0,1966.0,True
758,525029232691650561,81,119,False,0.0,6,0.0,True,0.5,0.0,47681.0,811.0,True
759,525029433632366592,91,127,False,0.0,3,0.0,True,0.0,0.0,22832.0,290.0,True
760,525029913230053377,107,212,False,0.0,9,0.0,True,0.8888888888888888,0.0,78380.0,2013.0,True
761,525029954908860417,159,391,False,0.3,20,0.0,True,0.35,0.0,283381.0,5582.0,True
762,525030117014507523,65,146,False,0.05,20,0.0,True,0.35,0.0,441574.0,10086.0,True
763,525030165190303744,290,265,False,0.0,5,0.0,True,0.8,0.0,95048.0,774.0,True
764,525030331775463424,41,105,False,0.0,6,0.0,True,0.16666666666666666,0.0,366147.0,5313.0,True
765,525030416261337089,105,123,False,0.0,3,0.0,True,0.3333333333333333,0.0,9915.0,53.0,True
766,525030696738652160,80,177,False,0.10526315789473684,19,0.0,True,0.21052631578947367,0.0,48126.0,932.0,True
767,525030963781595136,47,128,False,0.13333333333333333,15,0.0,True,0.2,0.0,675222.0,14384.0,True
768,525031558949134336,29,126,False,0.02857142857142857,35,0.0,True,0.0,0.0,198031.0,2130.0,True
769,525031610136014848,318,235,False,0.0,20,0.0,True,0.1,0.0,415.0,10.0,True
770,525031823504850944,778,474,False,0.0,12,0.0,True,0.4166666666666667,0.0,474671.0,4979.0,True
771,525032458417610752,1363,1287,False,0.0,7,0.0,True,0.14285714285714285,0.0,397792.0,7872.0,True
772,525032520124207104,27,129,False,0.0,14,0.0,True,0.14285714285714285,0.0,66627.0,1661.0,True
773,525032872647065600,26,122,False,0.0625,16,0.0,True,0.0625,0.0,16916.0,852.0,True
774,525033278555033601,189,499,False,0.10714285714285714,28,0.0,True,0.17857142857142858,0.0,11835650.0,100149.0,True
775,525033357722550272,49,225,False,0.0,8,0.0,True,0.375,0.0,366007.0,5316.0,True
776,525033443076628480,26,116,False,0.0,11,0.0,True,0.36363636363636365,0.0,64958.0,1653.0,True
777,525033625788907520,42,104,False,0.07692307692307693,13,0.0,True,0.07692307692307693,0.0,16950.0,852.0,True
778,525033697045925888,50,161,False,0.2,5,0.0,True,0.0,0.0,639742.0,9725.0,True
779,525033778637721600,105,363,False,0.0,108,0.0,True,0.046296296296296294,0.0,4229749.0,63448.0,True
780,525034332474601472,129,110,False,0.0,8,0.0,True,0.125,0.0,2005.0,17.0,True
781,525034457086959616,216,288,False,0.0,9,0.0,True,0.7777777777777778,0.0,510412.0,891.0,True
782,525034687245582337,180,209,False,0.0,12,0.0,True,0.3333333333333333,0.0,3583.0,25.0,True
783,525035552643751936,77,126,False,0.0,4,0.0,True,0.75,0.0,12249.0,165.0,True
784,525035564014526464,60,152,False,0.15789473684210525,19,0.0,True,0.05263157894736842,0.0,3566092.0,56968.0,True
785,525035832336736257,133,154,False,0.16666666666666666,12,0.0,True,0.08333333333333333,0.0,640233.0,5295.0,True
786,525036180379676673,460,444,False,0.34782608695652173,23,0.0,True,0.17391304347826086,0.0,435670.0,16034.0,True
787,525036214286815232,263,385,False,0.045454545454545456,22,0.0,True,0.22727272727272727,0.0,39241.0,938.0,True
788,525036240848945152,203,240,False,0.29411764705882354,17,0.0,True,0.11764705882352941,0.0,3630869.0,36264.0,True
789,525036393983381504,85,276,False,0.21739130434782608,23,0.0,True,0.21739130434782608,0.0,543092.0,10632.0,True
790,525036457732231169,87,200,False,0.0,8,0.0,True,0.25,0.0,9888.0,363.0,True
791,525037540508594176,26,102,False,0.0,2,0.0,True,0.0,0.0,8017.0,378.0,True
792,525037656820826112,385,523,False,0.0,19,0.0,True,0.3157894736842105,0.0,58.0,1.0,True
793,525038096086499328,174,332,False,0.125,16,0.0,True,0.1875,0.0,29139.0,937.0,True
794,525038296921960449,66,107,False,0.21428571428571427,14,0.0,True,0.07142857142857142,0.0,4811.0,267.0,True
795,525038517844709376,642,792,False,0.0,6,0.0,True,0.8333333333333334,0.0,258168.0,109.0,True
796,525039002307424256,157,276,False,0.4,20,0.0,True,0.1,0.0,57392.0,1240.0,True
797,525039208139087872,14,106,False,1.0,1,0.0,True,1.0,0.0,2134176.0,44947.0,True
798,525039242771464193,29,157,False,0.0,17,0.0,True,0.23529411764705882,0.0,381601.0,7656.0,True
799,525039686931075072,98,221,False,0.3333333333333333,9,0.0,True,0.2222222222222222,0.0,640036.0,5296.0,True
800,525039876366798849,163,224,False,0.0,8,0.0,True,0.125,0.0,1314.0,21.0,True
801,525040097272819712,118,111,False,0.0,36,0.0,True,0.05555555555555555,0.0,5400.0,159.0,True
802,525040252948189186,684,566,False,0.03333333333333333,30,0.0,True,0.13333333333333333,0.0,149512.0,3297.0,True
803,525040408653754368,43,117,False,0.08333333333333333,12,0.0,True,0.16666666666666666,0.0,79704.0,666.0,True
804,525040492388823041,124,174,False,0.05555555555555555,18,0.0,True,0.2222222222222222,0.0,2160.0,32.0,True
805,525040509937795072,138,249,False,0.0,1,0.0,True,1.0,0.0,2308.0,46.0,True
806,525040545870385153,420,642,False,0.058823529411764705,17,0.0,True,0.11764705882352941,0.0,171399.0,1952.0,True
807,525040767317082113,33,152,False,0.16666666666666666,6,0.0,True,0.0,0.0,4223710.0,63420.0,True
808,525041091507388416,150,344,False,0.21052631578947367,19,0.0,True,0.2631578947368421,0.0,542954.0,10632.0,True
809,525041399344168961,1345,1252,False,0.0,21,0.0,True,0.0,0.0,138462.0,81.0,True
810,525041601890881536,90,148,False,0.12,25,0.0,True,0.04,0.0,4236.0,89.0,True
811,525042177643016192,112,279,False,0.13043478260869565,23,0.0,True,0.21739130434782608,0.0,85199.0,1187.0,True
812,525044004287971329,213,350,False,0.07692307692307693,13,0.0,True,0.07692307692307693,0.0,20016114.0,158732.0,True
813,525044166519451648,475,220,False,0.0,30,0.0,True,0.2,0.0,5988.0,203.0,True
814,525044262648676353,50,102,False,0.07692307692307693,13,0.0,True,0.23076923076923078,0.0,162608.0,1403.0,True
815,525044678765187072,57,104,False,0.07692307692307693,13,0.0,True,0.3076923076923077,0.0,61268.0,1548.0,True
816,525044725926330368,116,130,False,0.07142857142857142,28,0.0,True,0.03571428571428571,0.0,140600.0,2605.0,True
817,525045145079533568,97,176,False,0.0,18,0.0,True,0.16666666666666666,0.0,39217.0,938.0,True
818,525045203648790528,71,104,False,0.0,21,0.0,True,0.14285714285714285,0.0,61334.0,1548.0,True
819,525045709402148864,114,262,False,0.0,29,0.0,True,0.1724137931034483,0.0,3049.0,85.0,True
820,525046232209956865,196,235,False,0.08,25,0.0,True,0.08,0.0,31996.0,1515.0,True
821,525046432085327872,141,124,False,0.0,2,0.0,True,0.5,0.0,524.0,0.0,True
822,525046443103354880,91,234,False,0.05263157894736842,57,0.0,True,0.10526315789473684,0.0,2735899.0,23372.0,True
823,525046462460477440,749,741,False,0.08695652173913043,23,0.0,True,0.08695652173913043,0.0,1889.0,79.0,True
824,525047079325155329,182,114,False,0.0,7,0.0,True,0.42857142857142855,0.0,706.0,7.0,True
825,525047104239333377,49,109,False,0.0,9,0.0,True,0.0,0.0,6512.0,18.0,True
826,525047349757100034,134,315,False,0.36363636363636365,11,0.0,True,0.2727272727272727,0.0,543081.0,10632.0,True
827,525047767325220865,350,250,False,0.0,6,0.0,True,0.16666666666666666,0.0,358.0,12.0,True
828,525048410831736832,25,100,False,0.125,8,0.0,True,0.125,0.0,58350.0,444.0,True
829,525048557569454080,88,220,False,0.0,7,0.0,True,0.0,0.0,51011.0,710.0,True
830,525048987649576960,664,992,False,0.16666666666666666,12,0.0,True,0.16666666666666666,0.0,116805.0,2227.0,True
831,525049044201377793,548,413,False,0.0,19,0.0,True,0.10526315789473684,0.0,48383.0,119.0,True
832,525049481679892481,153,143,False,0.0,4,0.0,True,0.25,0.0,27096.0,276.0,True
833,525049639016615937,97,187,False,0.0,7,0.0,True,0.2857142857142857,0.0,18514.0,210.0,True
834,525049831312875521,357,1466,False,0.08163265306122448,49,0.0,True,0.10204081632653061,0.0,66618.0,1661.0,True
835,525050193360613376,285,356,False,0.0,60,0.0,True,0.1,0.0,84529.0,2549.0,True
836,525050632211021825,225,147,False,0.0,19,0.0,True,0.21052631578947367,0.0,1171793.0,5519.0,True
837,525051210349289472,193,451,False,0.022988505747126436,87,0.0,True,0.034482758620689655,0.0,4424955.0,43761.0,True
838,525051365195014144,126,142,False,0.0,5,0.0,True,0.6,0.0,366198.0,5313.0,True
839,525052223030845440,45,164,False,0.03571428571428571,28,0.0,True,0.03571428571428571,0.0,198031.0,2130.0,True
840,525052332116312064,79,135,False,0.2857142857142857,7,0.0,True,0.0,0.0,6998482.0,89110.0,True
841,525052526593601537,102,264,False,0.5454545454545454,11,0.0,True,0.5454545454545454,0.0,543299.0,10634.0,True
842,525052976562712576,148,370,False,0.3333333333333333,21,0.0,True,0.14285714285714285,0.0,160619.0,4321.0,True
843,525053517531062272,327,232,False,0.0,8,0.0,True,0.25,0.0,397826.0,7872.0,True
844,525055052801515521,216,308,False,0.1,10,0.0,True,0.2,0.0,52696.0,1001.0,True
845,525055273816555520,2,115,False,1.0,1,0.0,True,1.0,0.0,171028.0,336.0,True
846,525055879545380864,479,367,False,0.0,3,0.0,True,1.0,0.0,558815.0,6491.0,True
847,525055967076290560,663,516,False,0.23076923076923078,13,0.0,True,0.15384615384615385,0.0,808503.0,12338.0,True
848,525056022046851074,88,103,False,0.0,5,0.0,True,0.4,0.0,653.0,3.0,True
849,525056576038518785,462,1098,False,0.16666666666666666,24,0.0,True,0.08333333333333333,0.0,672990.0,9089.0,True
850,525057025785356288,115,170,False,0.041666666666666664,24,0.0,True,0.125,0.0,85154.0,1187.0,True
851,525057374965739520,62,108,False,0.25,12,0.0,True,0.25,0.0,639334.0,9723.0,True
852,525057606151602176,53,104,False,0.75,4,0.0,True,1.0,0.0,126144.0,1606.0,True
853,525058578365698048,28,142,False,0.0,10,0.0,True,0.2,0.0,10991.0,498.0,True
854,525058633730891776,93,135,False,0.0,13,0.0,True,0.07692307692307693,0.0,38351.0,1824.0,True
855,525058825909731328,110,154,False,0.17647058823529413,17,0.0,True,0.11764705882352941,0.0,11835647.0,100149.0,True
856,525058976376193024,352,248,False,0.0,5,0.0,True,0.0,0.0,1361.0,0.0,True
857,525059193074487296,89,174,False,0.08695652173913043,23,0.0,True,0.13043478260869565,0.0,789067.0,12941.0,True
858,525059348574130176,212,209,False,0.06666666666666667,15,0.0,True,0.06666666666666667,0.0,20038443.0,158766.0,True
859,525059810312847360,1769,1099,False,0.0,22,0.0,True,0.045454545454545456,0.0,226890.0,3366.0,True
860,525060022569422849,643,793,False,0.047619047619047616,21,0.0,True,0.42857142857142855,0.0,5313010.0,52627.0,True
861,525060425184858112,232,375,False,0.045454545454545456,22,0.0,True,0.0,0.0,20038478.0,158767.0,True
862,525061246702587904,26,107,False,0.0,5,0.0,True,0.2,0.0,66534.0,1660.0,True
863,525061787860103169,133,164,False,0.42857142857142855,7,0.0,True,0.0,0.0,173069.0,1962.0,True
864,525062013551001600,29,170,False,0.047619047619047616,21,0.0,True,0.42857142857142855,0.0,366194.0,5313.0,True
865,525062993898635264,145,179,False,0.058823529411764705,17,0.0,True,0.11764705882352941,0.0,23942.0,397.0,True
866,525063393309630464,64,133,False,0.3333333333333333,15,0.0,True,0.13333333333333333,0.0,126137.0,1606.0,True
867,525063740769972224,118,122,False,0.0,5,0.0,True,0.6,0.0,1565.0,31.0,True
868,525065123917221888,408,540,False,0.10526315789473684,19,0.0,True,0.2631578947368421,0.0,274143.0,4962.0,True
869,525065430713790465,104,163,False,0.15384615384615385,13,0.0,True,0.3076923076923077,0.0,11835650.0,100149.0,True
870,525066628359127041,109,170,False,0.05,20,0.0,True,0.1,0.0,85203.0,1187.0,True
871,525066876058361856,75,166,False,0.05555555555555555,18,0.0,True,0.0,0.0,69398.0,698.0,True
872,525067386849091584,1184,886,False,0.0,21,0.0,True,0.19047619047619047,0.0,539802.0,3930.0,True
873,525067419635576834,129,191,False,0.16666666666666666,6,0.0,True,0.16666666666666666,0.0,5442.0,93.0,True
874,525067500447612929,145,120,False,0.0,14,0.0,True,0.2857142857142857,0.0,38951.0,163.0,True
875,525068253341970432,177,113,False,0.0,2,0.0,True,0.0,0.0,156648.0,2909.0,True
876,525068387899031552,199,245,False,0.06666666666666667,15,0.0,True,0.26666666666666666,0.0,10917.0,11.0,True
877,525068915068923904,85,105,False,0.25,4,0.0,True,0.25,0.0,5074.0,14.0,True
878,525069189447704576,152,107,False,0.0,20,0.0,True,0.1,0.0,43610.0,1529.0,True
879,525069509342683137,108,200,False,0.0,5,0.0,True,0.2,0.0,117556.0,2241.0,True
880,525069752566575104,175,205,False,0.11764705882352941,17,0.0,True,0.29411764705882354,0.0,8255.0,321.0,True
881,525069912679923712,87,170,False,0.21428571428571427,14,0.0,True,0.2857142857142857,0.0,11835650.0,100149.0,True
882,525070461936222208,128,112,False,0.42857142857142855,7,0.0,True,0.8571428571428571,0.0,338589.0,2285.0,True
883,525070811439579138,160,141,False,0.0,4,0.0,True,0.25,0.0,371.0,31.0,True
884,525070912199335937,68,105,False,0.0,7,0.0,True,0.42857142857142855,0.0,2832.0,44.0,True
885,525070933556350977,192,312,False,0.0,20,0.0,True,0.2,0.0,8073.0,280.0,True
886,525071376084791297,99,114,False,0.5714285714285714,14,0.0,True,0.5714285714285714,0.0,14793.0,418.0,True
887,525071638464049152,32,130,False,0.16666666666666666,12,0.0,True,0.16666666666666666,0.0,365850.0,5311.0,True
888,525071809226346496,75,114,False,1.0,1,0.0,True,0.0,0.0,639125.0,5292.0,True
889,525072912957452289,236,637,False,0.0,21,0.0,True,0.047619047619047616,0.0,638667.0,5289.0,True
