,thread,is_rumor,user.verified,thread_length,hashtags_count,user.default_pic,urls_count,favorite_count,has_smile_emoji,event,retweet_count,user.has_bg_img,user.tweets_count,src.followers_count,src.listed_count,src.user_verified,created,src.created_at,src.tweets_total,first_resp,last_resp,resp_var,time_to_first_resp,time_to_last_resp
0,580317556516483072,1,0,8,1,3,1,40,0,germanwings-crash,578,8,56527,57279,969,0,1427193461000.0,1389094680000.0,14408,1427193497000.0,1427194051000.0,28107387755.10204,36000.0,590000.0
1,580317998147325952,1,0,3,0,1,0,2,0,germanwings-crash,40,3,120307,8818,396,0,1427193567000.0,1250782933000.0,87411,1427193668000.0,1427193748000.0,1600000000.0,101000.0,181000.0
2,580318020192571392,1,0,2,0,0,1,1,0,germanwings-crash,27,2,37808,10259,516,0,1427193572000.0,1178640143000.0,22201,1427198048000.0,1427198048000.0,0.0,4476000.0,4476000.0
3,580318210609696769,1,1,2,2,0,0,9,0,germanwings-crash,46,2,78749,44674,957,1,1427193617000.0,1238070827000.0,13875,1427193810000.0,1427193810000.0,0.0,193000.0,193000.0
4,580318669483413504,1,0,5,3,1,3,9,0,germanwings-crash,61,5,108650,1740,58,0,1427193727000.0,1254229614000.0,5426,1427197985000.0,1427218063000.0,51941051187500.0,4258000.0,24336000.0
5,580318717860532224,1,0,2,0,0,1,3,0,germanwings-crash,27,2,21887,3200,271,0,1427193738000.0,1181041446000.0,6280,1427197965000.0,1427197965000.0,0.0,4227000.0,4227000.0
6,580318938996740096,1,2,5,0,2,1,1,0,germanwings-crash,52,5,67964,44674,957,1,1427193791000.0,1238070827000.0,13877,1427193882000.0,1427197922000.0,2773584000000.0,91000.0,4131000.0
7,580319005703069696,1,0,3,1,1,1,11,0,germanwings-crash,32,3,50473,44744,1549,0,1427193807000.0,1246089200000.0,32864,1427194104000.0,1427197910000.0,3621409000000.0,297000.0,4103000.0
8,580319078155468800,1,2,33,6,5,17,726,0,germanwings-crash,4417,24,1086062,14134290,105859,1,1427193824000.0,1177252957000.0,23811,1427193936000.0,1427215569000.0,37045662464843.75,112000.0,21745000.0
9,580319116302647297,1,0,21,24,13,0,194,0,germanwings-crash,1354,20,272721,58393,990,0,1427193833000.0,1389094680000.0,14445,1427193863000.0,1427197428000.0,1890959610000.0,30000.0,3595000.0
10,580319184652890113,1,1,10,4,4,2,32,0,germanwings-crash,283,9,289968,502598,8868,1,1427193850000.0,1235809892000.0,109571,1427193921000.0,1427203135000.0,10763577777777.777,71000.0,9285000.0
11,580319206400475136,1,0,5,8,2,0,21,0,germanwings-crash,207,5,323118,47997,1405,0,1427193855000.0,1260397656000.0,9397,1427193889000.0,1427194567000.0,68279687500.0,34000.0,712000.0
12,580319458004193280,1,1,2,0,0,0,15,0,germanwings-crash,76,1,82793,15721,247,1,1427193915000.0,1237694464000.0,481,1427195081000.0,1427195081000.0,0.0,1166000.0,1166000.0
13,580319651399385088,1,1,31,2,12,9,218,0,germanwings-crash,1502,30,356364,213211,2373,1,1427193961000.0,1271528841000.0,7984,1427194049000.0,1427226197000.0,32098154810000.0,88000.0,32236000.0
14,580319856496644096,1,1,4,2,1,0,22,0,germanwings-crash,119,4,135720,179932,1107,1,1427194010000.0,1236293462000.0,93109,1427194059000.0,1427198845000.0,4180016888888.8887,49000.0,4835000.0
15,580319968484421633,1,0,3,1,1,0,11,0,germanwings-crash,51,2,8593,11432,109,0,1427194036000.0,1304732655000.0,3442,1427197647000.0,1427200800000.0,2485352250000.0,3611000.0,6764000.0
16,580319983676313601,0,1,4,2,1,2,17,0,germanwings-crash,61,2,110520,179430,3550,1,1427194040000.0,1187704999000.0,107042,1427194724000.0,1427195412000.0,96064888888.88887,684000.0,1372000.0
17,580319999887347712,1,1,33,9,1,1,506,0,germanwings-crash,2796,31,151900,213060,2371,1,1427194044000.0,1271528841000.0,7983,1427194110000.0,1427234944000.0,249976337437500.0,66000.0,40900000.0
18,580320161082830848,1,1,5,6,1,2,15,0,germanwings-crash,140,5,109841,147333,4413,1,1427194082000.0,1237381031000.0,51439,1427194239000.0,1427198299000.0,3610796187500.0,157000.0,4217000.0
19,580320242020290560,1,0,3,1,3,0,15,0,germanwings-crash,43,3,91527,52815,120,0,1427194102000.0,1309707396000.0,89510,1427194192000.0,1427194406000.0,11449000000.0,90000.0,304000.0
20,580320267777511425,1,1,24,10,7,5,108,0,germanwings-crash,773,23,243989,214178,2384,1,1427194108000.0,1271528841000.0,7991,1427194172000.0,1427195116000.0,68960158790.17014,64000.0,1008000.0
21,580320329203093504,1,0,4,3,1,0,5,0,germanwings-crash,51,4,127656,29948,1041,0,1427194122000.0,1253986652000.0,60265,1427194195000.0,1427194433000.0,9548222222.222223,73000.0,311000.0
22,580320563891019776,1,0,9,0,2,0,29,0,germanwings-crash,74,9,543548,2021304,7017,0,1427194178000.0,1244150784000.0,241925,1427194313000.0,1427197929000.0,1504568750000.0,135000.0,3751000.0
23,580320612155060224,1,1,77,8,31,12,512,0,germanwings-crash,3111,68,1799621,214190,2384,1,1427194190000.0,1271528841000.0,7991,1427194211000.0,1427388091000.0,5948575405711046.0,21000.0,193901000.0
24,580320645906632704,1,0,23,3,12,3,206,0,germanwings-crash,1662,20,239413,58365,989,0,1427194198000.0,1389094680000.0,14445,1427194327000.0,1427282679000.0,585286475454545.5,129000.0,88481000.0
25,580320684305416192,1,0,5,2,2,1,11,0,germanwings-crash,59,5,185773,44760,1549,0,1427194207000.0,1246089200000.0,32865,1427194318000.0,1427211878000.0,54021507000000.0,111000.0,17671000.0
26,580320745974288384,1,11,35,16,11,8,150,0,germanwings-crash,671,33,525882,2169057,25914,1,1427194222000.0,1205882357000.0,49115,1427194262000.0,1427197188000.0,735431865916.9552,40000.0,2966000.0
27,580320825351471104,1,0,11,5,5,0,48,0,germanwings-crash,71,11,16522,425465,99,0,1427194241000.0,1290867303000.0,13194,1427194264000.0,1427231037000.0,125563340040000.0,23000.0,36796000.0
28,580320856561209344,1,1,2,0,1,1,6,0,germanwings-crash,41,2,36424,1495198,2823,1,1427194248000.0,1328749818000.0,20817,1427197677000.0,1427197677000.0,0.0,3429000.0,3429000.0
29,580320856905269248,1,1,3,1,0,0,6,0,germanwings-crash,27,2,86034,584493,6815,1,1427194248000.0,1209392977000.0,70544,1427194722000.0,1427194830000.0,2916000000.0,474000.0,582000.0
30,580320890086383616,1,0,30,0,4,2,14,0,germanwings-crash,93,30,1723243,17152,345,0,1427194256000.0,1262334733000.0,5907,1427194763000.0,1427202130000.0,5249916615933.413,507000.0,7874000.0
31,580320893668364288,1,0,6,1,2,0,1,0,germanwings-crash,35,6,500692,11062,165,0,1427194257000.0,1259623217000.0,139454,1427194459000.0,1427195417000.0,122671440000.0,202000.0,1160000.0
32,580320945740480512,1,1,9,6,4,0,22,0,germanwings-crash,157,7,179367,613246,8842,1,1427194269000.0,1175134536000.0,153995,1427194424000.0,1427202657000.0,7751228859375.0,155000.0,8388000.0
33,580320964875014145,1,1,15,1,5,2,83,0,germanwings-crash,609,15,263527,7411803,89913,1,1427194274000.0,1179097605000.0,90027,1427194434000.0,1427372751000.0,2114961331596938.8,160000.0,178477000.0
34,580321156508577792,1,1,3,2,0,0,17,0,germanwings-crash,95,3,14647,7846,170,1,1427194320000.0,1252962465000.0,1447,1427195342000.0,1427198558000.0,2585664000000.0,1022000.0,4238000.0
35,580321169271877632,1,0,2,0,1,0,7,0,germanwings-crash,59,2,12716,16264,486,0,1427194323000.0,1258036333000.0,11302,1427194524000.0,1427194524000.0,0.0,201000.0,201000.0
36,580321203757387776,0,1,2,2,0,2,30,0,germanwings-crash,235,2,15917,20839,369,1,1427194331000.0,1259248119000.0,11447,1427195084000.0,1427195084000.0,0.0,753000.0,753000.0
37,580321327845765120,1,1,2,5,2,0,1,0,germanwings-crash,65,2,14243,14305,190,1,1427194361000.0,1235555823000.0,13196,1427213984000.0,1427213984000.0,0.0,19623000.0,19623000.0
38,580321350750990336,1,1,2,5,1,0,20,0,germanwings-crash,91,2,35155,20839,369,1,1427194366000.0,1259248119000.0,11447,1427208262000.0,1427208262000.0,0.0,13896000.0,13896000.0
39,580321372703985664,1,1,5,2,0,2,13,0,germanwings-crash,97,5,117782,69503,2598,1,1427194371000.0,1240404928000.0,73304,1427194562000.0,1427195907000.0,281634500000.0,191000.0,1536000.0
40,580321844089212928,1,1,19,8,11,4,98,0,germanwings-crash,683,19,384857,891879,14234,1,1427194484000.0,1249971165000.0,113481,1427194549000.0,1427330399000.0,947744695250000.0,65000.0,135915000.0
41,580321948070240256,1,1,34,1,15,1,188,0,germanwings-crash,633,29,1056912,17180,347,0,1427194508000.0,1262334733000.0,5907,1427194565000.0,1427373887000.0,933284591726354.4,57000.0,179379000.0
42,580322026029654018,0,0,2,2,2,0,8,0,germanwings-crash,49,2,67481,3237,33,0,1427194527000.0,1314889821000.0,58316,1427197034000.0,1427197034000.0,0.0,2507000.0,2507000.0
43,580322066374721537,1,1,8,1,4,4,43,0,germanwings-crash,237,8,150930,891877,14234,1,1427194537000.0,1249971165000.0,113481,1427195264000.0,1427211831000.0,30386130857142.855,727000.0,17294000.0
44,580322102307373056,0,1,4,6,1,3,10,0,germanwings-crash,49,4,79554,11982,685,1,1427194545000.0,1220995505000.0,47613,1427194862000.0,1427202163000.0,10373062888888.889,317000.0,7618000.0
45,580322332348190720,0,1,16,4,6,1,10,0,germanwings-crash,49,10,220986,20838,369,1,1427194600000.0,1259248119000.0,11447,1427194670000.0,1427377585000.0,3736414317448889.0,70000.0,182985000.0
46,580322346508124160,1,2,14,16,4,2,88,0,germanwings-crash,764,11,379203,6049903,86924,1,1427194603000.0,1175408533000.0,113586,1427194701000.0,1427330524000.0,1389287946639053.2,98000.0,135921000.0
47,580322349569994752,1,1,2,1,1,0,6,0,germanwings-crash,59,2,62500,131557,2641,1,1427194604000.0,1238604073000.0,62299,1427197050000.0,1427197050000.0,0.0,2446000.0,2446000.0
48,580322453928431617,1,1,3,0,1,0,17,0,germanwings-crash,106,2,68168,756575,14358,1,1427194629000.0,1230451352000.0,54532,1427210927000.0,1427408515000.0,9760254436000000.0,16298000.0,213886000.0
49,580322653472493569,0,0,2,1,1,0,2,0,germanwings-crash,46,2,29481,35880,1205,0,1427194677000.0,1402724996000.0,27527,1427195531000.0,1427195531000.0,0.0,854000.0,854000.0
50,580322927679279105,1,3,21,2,10,5,254,0,germanwings-crash,391,19,449909,110732,3650,1,1427194742000.0,1238010537000.0,17053,1427195526000.0,1427306283000.0,1389218309647500.0,784000.0,111541000.0
51,580323060533764097,1,2,3,3,1,2,10,0,germanwings-crash,27,3,74218,2742831,17545,1,1427194774000.0,1185479782000.0,58973,1427194930000.0,1427194982000.0,676000000.0,156000.0,208000.0
52,580323152103911424,0,0,4,0,0,0,9,0,germanwings-crash,77,4,46673,48000,1407,0,1427194796000.0,1260397656000.0,9395,1427194969000.0,1427195110000.0,3320222222.222223,173000.0,314000.0
53,580323165068509184,1,1,10,0,5,5,4,0,germanwings-crash,45,10,209309,337976,2844,1,1427194799000.0,1224601125000.0,125772,1427194890000.0,1427199012000.0,1398350000000.0,91000.0,4213000.0
54,580323456996282369,1,0,2,1,1,0,10,0,germanwings-crash,46,2,4413,5464,105,0,1427194868000.0,1347830772000.0,4407,1427264139000.0,1427264139000.0,0.0,69271000.0,69271000.0
55,580323498905702400,0,3,24,4,9,4,283,0,germanwings-crash,1694,22,223437,214191,2384,1,1427194878000.0,1271528841000.0,7991,1427194929000.0,1427200286000.0,3043214041587.9014,51000.0,5408000.0
56,580323815261016064,1,3,4,3,0,1,30,0,germanwings-crash,117,4,108281,2742838,17545,1,1427194954000.0,1185479782000.0,58973,1427195036000.0,1427205163000.0,18466617555555.56,82000.0,10209000.0
57,580323877429112832,0,0,4,0,2,0,22,0,germanwings-crash,137,2,11579,17052,342,0,1427194968000.0,1262334733000.0,5901,1427195581000.0,1427236807000.0,376625403555555.5,613000.0,41839000.0
58,580323992843718656,0,0,6,0,3,1,32,0,germanwings-crash,184,5,57790,56304,965,0,1427194996000.0,1389094680000.0,14393,1427195099000.0,1427202361000.0,8029318960000.0,103000.0,7365000.0
59,580324027715063808,1,1,4,0,0,4,17,0,germanwings-crash,176,3,187052,327148,2938,1,1427195004000.0,1241687683000.0,157893,1427195926000.0,1427199991000.0,2866533555555.555,922000.0,4987000.0
60,580324338865430528,0,1,18,4,7,6,259,0,germanwings-crash,895,15,255643,214139,2384,1,1427195078000.0,1271528841000.0,7991,1427195148000.0,1427209494000.0,10739376885813.148,70000.0,14416000.0
61,580324697415360512,1,0,2,1,1,0,5,0,germanwings-crash,39,1,61066,7039,299,0,1427195164000.0,1178838761000.0,59569,1427195353000.0,1427195353000.0,0.0,189000.0,189000.0
62,580324721381740544,1,0,4,1,1,0,14,0,germanwings-crash,55,4,84735,16264,487,0,1427195170000.0,1258036333000.0,11302,1427195609000.0,1427199964000.0,3505177555555.555,439000.0,4794000.0
63,580324804403818496,0,1,18,0,6,3,572,0,germanwings-crash,1610,18,137950,25303034,163462,1,1427195189000.0,1167702494000.0,38819,1427195354000.0,1427210266000.0,14229313425605.537,165000.0,15077000.0
64,580324933525467136,0,1,2,1,0,2,24,0,germanwings-crash,168,2,129086,891868,14234,1,1427195220000.0,1249971165000.0,113479,1427197562000.0,1427197562000.0,0.0,2342000.0,2342000.0
65,580325043705667586,1,1,5,0,2,3,31,0,germanwings-crash,156,5,198191,7411776,89913,1,1427195246000.0,1179097605000.0,90027,1427195367000.0,1427198553000.0,1785094687500.0,121000.0,3307000.0
66,580325090367315968,1,3,53,3,20,1,217,0,germanwings-crash,1310,53,1888468,214148,2384,1,1427195258000.0,1271528841000.0,7991,1427195296000.0,1427403774000.0,7587243714610946.0,38000.0,208516000.0
67,580325235653799936,1,1,7,2,3,0,43,0,germanwings-crash,297,6,126970,58397,990,0,1427195292000.0,1389094680000.0,14445,1427195366000.0,1427204999000.0,12421828666666.666,74000.0,9707000.0
68,580325243631321088,0,1,4,0,1,3,14,0,germanwings-crash,104,4,225616,1103546,12848,1,1427195294000.0,1224979229000.0,161040,1427195384000.0,1427195593000.0,8792666666.666666,90000.0,299000.0
69,580325458870460416,1,1,9,5,2,0,35,0,germanwings-crash,194,7,273000,891875,14234,1,1427195345000.0,1249971165000.0,113480,1427195371000.0,1427196814000.0,259084750000.0,26000.0,1469000.0
70,580325486477357056,0,1,18,4,9,6,73,0,germanwings-crash,539,17,325235,3360720,25673,1,1427195352000.0,1174733294000.0,77431,1427195483000.0,1427208148000.0,13997098830449.828,131000.0,12796000.0
71,580325714567806976,1,1,4,1,2,0,1,0,germanwings-crash,28,4,52206,141471,1876,1,1427195406000.0,1236948921000.0,32626,1427195604000.0,1427199000000.0,2452586000000.0,198000.0,3594000.0
72,580325799078793216,1,1,38,1,15,1,148,0,germanwings-crash,674,36,919303,214179,2384,1,1427195427000.0,1271528841000.0,7991,1427195461000.0,1427224904000.0,60894596119795.46,34000.0,29477000.0
73,580326012749221890,1,2,13,8,5,9,69,0,germanwings-crash,365,11,732130,6050676,86939,1,1427195478000.0,1175408533000.0,113610,1427195586000.0,1427330069000.0,1330038855916666.8,108000.0,134591000.0
74,580326045238333441,1,1,3,1,0,0,9,0,germanwings-crash,29,3,239927,179932,1107,1,1427195485000.0,1236293462000.0,93109,1427195663000.0,1427195743000.0,1600000000.0,178000.0,258000.0
75,580326073776357376,1,0,6,3,0,2,40,0,germanwings-crash,354,6,140714,7859,284,0,1427195492000.0,1292031190000.0,31815,1427195767000.0,1427197128000.0,270054640000.0,275000.0,1636000.0
76,580326111311171584,1,2,9,0,3,0,55,0,germanwings-crash,254,7,224317,4054357,38050,1,1427195501000.0,1238848832000.0,104455,1427195556000.0,1427210837000.0,23951634250000.0,55000.0,15336000.0
77,580326222107951104,1,0,12,0,6,2,102,0,germanwings-crash,257,11,94158,145903,587,0,1427195527000.0,1255160006000.0,5339,1427195893000.0,1427919135000.0,4.198625336201652e+16,366000.0,723608000.0
78,580326370640818176,0,1,35,11,0,10,597,0,germanwings-crash,2311,24,271517,214131,2383,1,1427195563000.0,1271528841000.0,7991,1427195611000.0,1427199225000.0,1240117854671.2803,48000.0,3662000.0
79,580326398620934144,1,2,23,5,5,0,69,0,germanwings-crash,242,20,875746,13070,412,0,1427195570000.0,1248208683000.0,123736,1427195812000.0,1427212043000.0,47320695299586.78,242000.0,16473000.0
80,580326473803767808,1,1,2,1,1,0,3,0,germanwings-crash,26,2,32009,251940,2380,1,1427195587000.0,1237916482000.0,31933,1427212951000.0,1427212951000.0,0.0,17364000.0,17364000.0
81,580326744357515264,0,0,29,4,2,0,63,0,germanwings-crash,233,17,1129524,1677,23,0,1427195652000.0,1282842413000.0,74326,1427195782000.0,1427203363000.0,3276782836734.6943,130000.0,7711000.0
82,580326807704088576,1,1,22,8,16,4,402,0,germanwings-crash,632,20,269609,25303087,163462,1,1427195667000.0,1167702494000.0,38819,1427195710000.0,1427220139000.0,80669306244897.95,43000.0,24472000.0
83,580326871302316033,1,0,3,1,1,0,13,0,germanwings-crash,53,3,63081,35881,1205,0,1427195682000.0,1402724996000.0,27527,1427197021000.0,1427199679000.0,1766241000000.0,1339000.0,3997000.0
84,580326978546495488,0,1,21,8,7,2,510,0,germanwings-crash,966,16,264049,14132262,105849,1,1427195708000.0,1177252957000.0,23811,1427195748000.0,1427198296000.0,366986640000.0,40000.0,2588000.0
85,580327058158551041,0,0,13,9,4,8,49,0,germanwings-crash,282,13,141046,58392,990,0,1427195727000.0,1389094680000.0,14445,1427195909000.0,1427226632000.0,172180748305555.53,182000.0,30905000.0
86,580327197921120256,1,1,3,2,0,1,14,0,germanwings-crash,85,2,39060,131018,6620,1,1427195760000.0,1228827808000.0,13319,1427196885000.0,1427197323000.0,47961000000.0,1125000.0,1563000.0
87,580327336505176064,1,1,16,2,3,13,52,0,germanwings-crash,385,16,715871,6446943,91710,1,1427195793000.0,1174412765000.0,117720,1427195820000.0,1427208135000.0,10206554426666.666,27000.0,12342000.0
88,580327418084364288,0,1,2,1,0,1,7,0,germanwings-crash,31,2,50949,113533,2154,1,1427195813000.0,1233228834000.0,48769,1427289186000.0,1427289186000.0,0.0,93373000.0,93373000.0
89,580327576218046464,0,7,16,3,2,9,68,0,germanwings-crash,207,15,1781861,796937,2367,1,1427195850000.0,1310020450000.0,231515,1427196477000.0,1427214947000.0,20486576595555.56,627000.0,19097000.0
90,580327611760545792,0,1,13,3,9,5,26,0,germanwings-crash,105,12,295866,1104578,12855,1,1427195859000.0,1224979229000.0,161292,1427195887000.0,1427233175000.0,100417965972222.23,28000.0,37316000.0
91,580327625626927104,0,1,9,4,3,3,50,0,germanwings-crash,148,9,124368,2742722,17546,1,1427195862000.0,1185479782000.0,58970,1427196184000.0,1427288086000.0,885395076984375.0,322000.0,92224000.0
92,580327692765151232,1,1,4,2,1,3,6,0,germanwings-crash,48,4,139092,616423,3951,1,1427195878000.0,1235569883000.0,104416,1427195963000.0,1427218015000.0,99791974222222.23,85000.0,22137000.0
93,580327960638521344,0,1,4,0,0,2,15,0,germanwings-crash,41,2,170391,1103567,12848,1,1427195942000.0,1224979229000.0,161046,1427196461000.0,1427232980000.0,296274616222222.2,519000.0,37038000.0
94,580328000400564225,0,3,7,2,2,5,32,0,germanwings-crash,82,6,149810,4965744,68029,1,1427195951000.0,1246052932000.0,103391,1427196038000.0,1427198512000.0,764716472222.2222,87000.0,2561000.0
95,580328029852856320,0,1,9,0,5,2,9,0,germanwings-crash,31,7,65933,418645,5344,1,1427195958000.0,1216637409000.0,21560,1427196030000.0,1427351153000.0,2612843289437500.0,72000.0,155195000.0
96,580328132932022272,0,0,5,1,1,0,3,0,germanwings-crash,28,3,139559,7045,299,0,1427195983000.0,1178838761000.0,59569,1427196015000.0,1427196970000.0,164229187500.0,32000.0,987000.0
97,580328297462140928,0,1,3,1,1,1,5,0,germanwings-crash,28,3,141561,405445,5964,1,1427196022000.0,1201642716000.0,141131,1427196250000.0,1427196861000.0,93330250000.0,228000.0,839000.0
98,580328302939889664,0,0,3,1,1,0,24,0,germanwings-crash,35,3,32637,1622,35,0,1427196024000.0,1289652116000.0,26112,1427196149000.0,1427359461000.0,6667702336000000.0,125000.0,163437000.0
99,580328463585841153,0,1,4,1,3,2,6,0,germanwings-crash,32,3,120190,1683876,27769,1,1427196062000.0,1172147567000.0,85171,1427196166000.0,1427198225000.0,861704666666.6666,104000.0,2163000.0
100,580328708675887104,0,1,3,4,0,2,13,0,germanwings-crash,71,2,133448,891882,14234,1,1427196120000.0,1249971165000.0,113482,1427197292000.0,1427211729000.0,52106742250000.0,1172000.0,15609000.0
101,580328848774045696,0,1,2,0,1,1,18,0,germanwings-crash,87,2,130941,903752,8150,1,1427196154000.0,1216117066000.0,130472,1427196374000.0,1427196374000.0,0.0,220000.0,220000.0
102,580329096024047616,0,1,14,0,8,0,353,0,germanwings-crash,75,10,175969,323454,198,1,1427196213000.0,1246012865000.0,136870,1427196244000.0,1427213344000.0,20288922710059.17,31000.0,17131000.0
103,580329111064686592,0,0,10,1,2,0,41,0,germanwings-crash,58,8,193117,7039,299,0,1427196216000.0,1178838761000.0,59569,1427196282000.0,1427211735000.0,21482008246913.58,66000.0,15519000.0
104,580329153553141760,0,0,4,2,3,2,11,0,germanwings-crash,64,4,133553,58348,989,0,1427196226000.0,1389094680000.0,14441,1427196309000.0,1427197033000.0,101251555555.55554,83000.0,807000.0
105,580329206158127104,0,1,5,2,2,1,22,0,germanwings-crash,69,4,207369,1103461,12843,1,1427196239000.0,1224979229000.0,161003,1427196286000.0,1427197450000.0,189937687500.0,47000.0,1211000.0
106,580329219646988289,0,1,5,1,2,1,20,0,germanwings-crash,138,5,158544,1963542,15449,1,1427196242000.0,1184856173000.0,133437,1427196324000.0,1427198490000.0,769560687500.0,82000.0,2248000.0
107,580329455173967872,1,0,3,0,1,1,8,0,germanwings-crash,37,3,381504,2306,119,0,1427196298000.0,1234900745000.0,916,1427624717000.0,1427624785000.0,1156000000.0,428419000.0,428487000.0
108,580329747416113152,0,1,2,0,0,2,6,0,germanwings-crash,38,2,151934,93672,2977,1,1427196368000.0,1237368174000.0,82752,1427196482000.0,1427196482000.0,0.0,114000.0,114000.0
109,580329875891974145,1,1,2,1,1,1,17,0,germanwings-crash,103,1,132771,3404435,37641,1,1427196399000.0,1257464959000.0,130562,1427197418000.0,1427197418000.0,0.0,1019000.0,1019000.0
110,580329886532968448,1,0,2,1,1,0,7,0,germanwings-crash,30,2,72579,86373,893,0,1427196401000.0,1227988798000.0,63414,1427200488000.0,1427200488000.0,0.0,4087000.0,4087000.0
111,580329937573302272,0,0,3,0,1,1,5,0,germanwings-crash,37,3,19996,57432,970,0,1427196413000.0,1389094680000.0,14408,1427196506000.0,1427196508000.0,1000000.0,93000.0,95000.0
112,580330064384028673,0,1,5,0,3,0,188,0,germanwings-crash,78,4,83552,207962,4584,1,1427196444000.0,1310410595000.0,6318,1427196540000.0,1427304365000.0,1985139638687500.0,96000.0,107921000.0
113,580330078682353665,0,0,3,1,2,0,11,0,germanwings-crash,60,3,58357,17303,348,0,1427196447000.0,1262334733000.0,5912,1427196583000.0,1427196886000.0,22952250000.0,136000.0,439000.0
114,580330104846475264,0,0,7,2,1,0,53,0,germanwings-crash,50,7,58640,44760,1549,0,1427196453000.0,1246089200000.0,32865,1427196603000.0,1427243993000.0,299203344583333.3,150000.0,47540000.0
115,580330302251393024,1,1,2,2,0,1,18,0,germanwings-crash,64,2,161046,1103424,12842,1,1427196500000.0,1224979229000.0,160989,1427196912000.0,1427196912000.0,0.0,412000.0,412000.0
116,580330362070540288,0,1,2,0,0,1,53,0,germanwings-crash,72,2,27378,28516,436,1,1427196514000.0,1244308473000.0,11771,1427197287000.0,1427197287000.0,0.0,773000.0,773000.0
117,580330369603366913,1,1,2,0,0,2,9,0,germanwings-crash,58,2,98359,93671,2977,1,1427196516000.0,1237368174000.0,82752,1427197283000.0,1427197283000.0,0.0,767000.0,767000.0
118,580330441854435328,0,1,11,1,6,0,6,0,germanwings-crash,26,10,100656,418645,5344,1,1427196534000.0,1216637409000.0,21560,1427196590000.0,1427200119000.0,1012217360000.0,56000.0,3585000.0
119,580330454869512192,0,1,3,0,0,2,8,0,germanwings-crash,27,2,58671,69842,940,1,1427196537000.0,1398356635000.0,17422,1427197182000.0,1427197277000.0,2256250000.0,645000.0,740000.0
120,580330560331091968,0,0,6,3,3,0,40,0,germanwings-crash,126,6,153711,17303,348,0,1427196562000.0,1262334733000.0,5912,1427196678000.0,1427197414000.0,68153440000.0,116000.0,852000.0
121,580330591826128896,0,1,19,12,9,4,145,0,germanwings-crash,220,16,351768,9358043,86487,1,1427196569000.0,1170315869000.0,196532,1427196589000.0,1427201448000.0,1128305432098.7654,20000.0,4879000.0
122,580330660537192448,0,0,4,1,1,0,18,0,germanwings-crash,75,4,157794,35880,1205,0,1427196586000.0,1402724996000.0,27527,1427196699000.0,1427199531000.0,1549256000000.0,113000.0,2945000.0
123,580330721719508992,1,0,4,2,1,2,15,0,germanwings-crash,87,4,16298,35048,804,0,1427196600000.0,1229276846000.0,6503,1427196896000.0,1427213351000.0,59745662000000.0,296000.0,16751000.0
124,580330740086243328,1,1,6,4,3,2,12,0,germanwings-crash,53,6,193363,613449,8843,1,1427196605000.0,1175134536000.0,153988,1427197230000.0,1427201625000.0,4002700240000.0,625000.0,5020000.0
125,580330986220687360,0,1,2,6,0,2,9,0,germanwings-crash,94,2,434574,1103558,12848,1,1427196663000.0,1224979229000.0,161044,1427196891000.0,1427196891000.0,0.0,228000.0,228000.0
126,580331000573476865,1,0,3,0,0,1,34,0,germanwings-crash,116,2,103069,96226,539,0,1427196667000.0,1336553106000.0,63250,1427197218000.0,1427204351000.0,12719922250000.0,551000.0,7684000.0
127,580331071457333248,0,1,7,1,2,2,15,0,germanwings-crash,81,7,158327,1963542,15449,1,1427196684000.0,1184856173000.0,133437,1427196856000.0,1427736555000.0,4.041308840355556e+16,172000.0,539871000.0
128,580331121180844032,0,1,9,3,2,2,25,0,germanwings-crash,41,8,176124,891882,14234,1,1427196695000.0,1249971165000.0,113481,1427196746000.0,1427197648000.0,79253437500.0,51000.0,953000.0
129,580331192316198912,0,1,7,2,1,5,31,0,germanwings-crash,146,6,291341,893556,10393,1,1427196712000.0,1221720654000.0,206155,1427197303000.0,1427251102000.0,357039508888888.94,591000.0,54390000.0
130,580331255570530304,0,1,2,1,1,0,9,0,germanwings-crash,27,2,1419,3764,188,1,1427196728000.0,1234133803000.0,1272,1427209417000.0,1427209417000.0,0.0,12689000.0,12689000.0
131,580331347752914944,0,1,2,2,0,0,4,0,germanwings-crash,53,2,56985,171529,2810,1,1427196749000.0,1225731929000.0,51278,1427203063000.0,1427203063000.0,0.0,6314000.0,6314000.0
132,580331527675998208,0,0,11,2,6,1,8,0,germanwings-crash,29,8,172273,24365,1029,0,1427196792000.0,1322998965000.0,53044,1427196862000.0,1427201296000.0,1953599010000.0,70000.0,4504000.0
133,580331561398108160,1,0,15,1,4,0,17,0,germanwings-crash,111,9,219694,7038,299,0,1427196800000.0,1178838761000.0,59569,1427196906000.0,1427206093000.0,5802041387755.102,106000.0,9293000.0
134,580331677899202560,0,1,2,3,0,2,42,0,germanwings-crash,127,2,32027,363539,6689,1,1427196828000.0,1277123314000.0,16420,1427198189000.0,1427198189000.0,0.0,1361000.0,1361000.0
135,580331706860871680,0,1,6,4,1,0,141,0,germanwings-crash,87,5,102079,2257090,6194,1,1427196835000.0,1277155960000.0,18963,1427197016000.0,1427209935000.0,23132489360000.0,181000.0,13100000.0
136,580331843616133120,0,1,2,2,1,1,3,0,germanwings-crash,36,2,73345,69527,2600,1,1427196868000.0,1240404928000.0,73327,1427197080000.0,1427197080000.0,0.0,212000.0,212000.0
137,580332109782466561,1,0,10,1,0,0,17,0,germanwings-crash,33,8,89205,21139,170,0,1427196931000.0,1335520793000.0,6833,1427196986000.0,1427203091000.0,3515702444444.4443,55000.0,6160000.0
138,580332232121933824,0,1,3,0,1,1,9,0,germanwings-crash,77,3,71531,756341,15009,1,1427196960000.0,1227037596000.0,64628,1427197827000.0,1427199163000.0,446224000000.0,867000.0,2203000.0
139,580332296336732160,0,1,7,2,3,0,9,0,germanwings-crash,57,5,77688,450414,1393,1,1427196976000.0,1305791276000.0,75161,1427197488000.0,1427624836000.0,2.3979513528333332e+16,512000.0,427860000.0
140,580332312354693120,0,0,2,1,0,1,8,0,germanwings-crash,32,1,80307,7043,299,0,1427196979000.0,1178838761000.0,59569,1427197282000.0,1427197282000.0,0.0,303000.0,303000.0
141,580332380436709377,0,1,2,4,0,2,9,0,germanwings-crash,37,1,132711,43584,2021,1,1427196996000.0,1179486050000.0,100076,1427197789000.0,1427197789000.0,0.0,793000.0,793000.0
142,580332410853789696,0,1,7,2,3,2,51,0,germanwings-crash,109,4,8475,8044,195,1,1427197003000.0,1183354253000.0,1007,1427199098000.0,1427208183000.0,10435171888888.889,2095000.0,11180000.0
143,580332451353985025,0,1,8,7,1,0,106,0,germanwings-crash,267,8,77881,214211,2384,1,1427197013000.0,1271528841000.0,7991,1427197103000.0,1427197380000.0,8249551020.408163,90000.0,367000.0
144,580332485030125568,1,1,2,4,1,0,10,0,germanwings-crash,25,2,91847,121059,2207,1,1427197021000.0,1193213097000.0,89704,1427197930000.0,1427197930000.0,0.0,909000.0,909000.0
145,580332532694122497,0,1,3,0,0,0,47,0,germanwings-crash,120,3,27611,72232,2465,1,1427197032000.0,1249983291000.0,12372,1427203765000.0,1427224084000.0,103215440250000.0,6733000.0,27052000.0
146,580332832544976896,0,1,5,0,1,0,49,0,germanwings-crash,102,2,166425,2625232,13615,1,1427197103000.0,1236102029000.0,86149,1427197139000.0,1427198681000.0,492398687500.0,36000.0,1578000.0
147,580332876081811456,0,2,30,6,7,4,134,0,germanwings-crash,296,30,146493,214174,2384,1,1427197114000.0,1271528841000.0,7991,1427197291000.0,1427235453000.0,81595845524375.73,177000.0,38339000.0
148,580332903986524160,0,1,4,4,2,1,32,0,germanwings-crash,137,4,98524,7411829,89916,1,1427197121000.0,1179097605000.0,90027,1427197267000.0,1427199487000.0,988442000000.0,146000.0,2366000.0
149,580332990867349504,0,1,2,2,0,1,4,0,germanwings-crash,39,2,119018,179902,1108,1,1427197141000.0,1236293462000.0,93115,1427203477000.0,1427203477000.0,0.0,6336000.0,6336000.0
150,580333314415919104,0,1,7,5,1,2,21,0,germanwings-crash,88,5,163806,1964051,15444,1,1427197218000.0,1184856173000.0,133453,1427197310000.0,1427208449000.0,22927230555555.555,92000.0,11231000.0
151,580333728762896384,0,0,26,12,2,2,38,0,germanwings-crash,59,26,471261,612,7,0,1427197317000.0,1422643649000.0,20323,1427197450000.0,1427206029000.0,2592929609600.0,133000.0,8712000.0
152,580333759125458944,0,2,5,3,2,3,12,0,germanwings-crash,42,5,234094,893678,10392,1,1427197324000.0,1221720654000.0,206161,1427197467000.0,1427209903000.0,28194783500000.0,143000.0,12579000.0
153,580333763512705025,1,2,25,11,15,4,828,0,germanwings-crash,2271,22,173639,14132292,105849,1,1427197325000.0,1177252957000.0,23812,1427197351000.0,1427309753000.0,500435203789930.5,26000.0,112428000.0
154,580333827425439745,0,1,19,3,9,2,166,0,germanwings-crash,377,17,158461,124671,967,1,1427197341000.0,1366744301000.0,29387,1427197753000.0,1427234707000.0,85003321111111.11,412000.0,37366000.0
155,580333881687195648,0,2,11,4,5,3,475,0,germanwings-crash,2073,11,186862,213032,2371,1,1427197354000.0,1271528841000.0,7983,1427197497000.0,1427210451000.0,18058286960000.0,143000.0,13097000.0
156,580333904126742528,1,1,19,0,7,10,171,0,germanwings-crash,824,16,306103,6445802,91702,1,1427197359000.0,1174412765000.0,117707,1427197474000.0,1427200494000.0,707295555555.5555,115000.0,3135000.0
157,580333906597167104,1,1,2,0,0,2,2,0,germanwings-crash,37,1,68002,77617,2460,1,1427197360000.0,1310667637000.0,67811,1427197734000.0,1427197734000.0,0.0,374000.0,374000.0
158,580333909008871424,1,1,5,4,1,1,2,0,germanwings-crash,43,5,46981,1523,113,1,1427197360000.0,1285177691000.0,18740,1427198173000.0,1427233654000.0,227680578687500.0,813000.0,36294000.0
159,580333946271113216,0,2,5,4,0,0,73,0,germanwings-crash,143,4,20153,14007,436,1,1427197369000.0,1383831852000.0,740,1427197934000.0,1427201521000.0,1630943687500.0,565000.0,4152000.0
160,580334199187644416,0,1,5,2,3,1,24,0,germanwings-crash,74,4,119289,891877,14234,1,1427197429000.0,1249971165000.0,113481,1427197638000.0,1427251816000.0,499477789687500.0,209000.0,54387000.0
161,580334309422161920,0,1,25,1,4,0,2556,0,germanwings-crash,1566,18,889243,1987681,7151,1,1427197456000.0,1234906290000.0,9050,1427197460000.0,1427243133000.0,81001700909722.23,4000.0,45677000.0
162,580334563932549120,0,1,2,1,0,2,9,0,germanwings-crash,119,0,142235,2346671,45939,1,1427197516000.0,1176798188000.0,136745,1427197785000.0,1427197785000.0,0.0,269000.0,269000.0
163,580334678340558849,1,0,26,1,6,0,29,0,germanwings-crash,56,25,487371,44760,1549,0,1427197544000.0,1246089200000.0,32865,1427198248000.0,1427260338000.0,142651120534400.0,704000.0,62794000.0
164,580334729678966784,0,2,22,3,14,4,355,0,germanwings-crash,628,20,92479,14132408,105849,1,1427197556000.0,1177252957000.0,23812,1427197616000.0,1427245389000.0,103293672820861.69,60000.0,47833000.0
165,580335102313500673,0,1,4,4,2,1,30,0,germanwings-crash,104,4,154996,891868,14234,1,1427197645000.0,1249971165000.0,113479,1427198806000.0,1427239036000.0,350709204222222.2,1161000.0,41391000.0
166,580335398683058176,1,1,7,0,3,5,17,0,germanwings-crash,57,7,449150,5471768,75083,1,1427197715000.0,1209046048000.0,395677,1427197891000.0,1427203185000.0,3064307805555.555,176000.0,5470000.0
167,580335409202348032,0,0,20,3,7,1,113,0,germanwings-crash,267,19,537874,12605,561,0,1427197718000.0,1222303620000.0,79085,1427198002000.0,1427322109000.0,1799468516825484.8,284000.0,124391000.0
168,580335420703170561,0,1,21,2,3,15,48,0,germanwings-crash,59,3,112109,60840,487,1,1427197721000.0,1353484796000.0,532,1427200095000.0,1427727737000.0,1.78465542712475e+16,2374000.0,530016000.0
169,580335545265627136,1,1,2,1,0,1,5,0,germanwings-crash,39,2,107654,159350,5341,1,1427197750000.0,1212030074000.0,74728,1427197798000.0,1427197798000.0,0.0,48000.0,48000.0
170,580335578069209091,0,1,7,4,4,3,33,0,germanwings-crash,134,7,65827,2168889,25911,1,1427197758000.0,1205882357000.0,49113,1427197888000.0,1427276481000.0,845995824555555.5,130000.0,78723000.0
171,580335608477982720,0,1,5,2,0,3,10,0,germanwings-crash,74,4,175963,3404385,37640,1,1427197765000.0,1257464959000.0,130560,1427198093000.0,1427200314000.0,883959687500.0,328000.0,2549000.0
172,580336069192843264,0,4,19,12,2,8,80,0,germanwings-crash,415,15,918102,2346667,45938,1,1427197875000.0,1176798188000.0,136745,1427198994000.0,1427273817000.0,268192694432098.78,1119000.0,75942000.0
173,580336326634962944,0,1,17,4,10,7,138,0,germanwings-crash,549,16,406922,16318733,104429,1,1427197937000.0,1170981302000.0,58813,1427198032000.0,1427199881000.0,195847214843.75,95000.0,1944000.0
174,580336341080260608,0,1,3,0,0,3,50,0,germanwings-crash,118,2,133143,6049907,86924,1,1427197940000.0,1175408533000.0,113586,1427198110000.0,1427198213000.0,2652250000.0,170000.0,273000.0
175,580336348764065793,0,0,2,1,2,1,21,0,germanwings-crash,56,2,83744,338251,1190,0,1427197942000.0,1228968251000.0,82718,1427200964000.0,1427200964000.0,0.0,3022000.0,3022000.0
176,580336394184323072,0,0,2,2,0,2,45,0,germanwings-crash,111,2,54305,93162,40,0,1427197953000.0,1374674917000.0,38698,1427198099000.0,1427198099000.0,0.0,146000.0,146000.0
177,580336528955691008,0,1,3,3,0,3,12,0,germanwings-crash,108,3,240885,893416,10389,1,1427197985000.0,1221720654000.0,206148,1427198542000.0,1427198955000.0,42642250000.0,557000.0,970000.0
178,580336554406711297,0,0,3,1,1,0,19,0,germanwings-crash,75,3,49858,17308,349,0,1427197991000.0,1262334733000.0,5912,1427198780000.0,1427199517000.0,135792250000.0,789000.0,1526000.0
179,580336568419921920,0,1,11,2,7,3,39,0,germanwings-crash,169,11,279778,1963403,15453,1,1427197994000.0,1184856173000.0,133442,1427198366000.0,1427209181000.0,24347317160000.0,372000.0,11187000.0
180,580336661206331392,0,2,2,2,0,0,7,0,germanwings-crash,31,2,83576,171530,2810,1,1427198016000.0,1225731929000.0,51278,1427198800000.0,1427198800000.0,0.0,784000.0,784000.0
181,580336772128870400,0,0,12,0,9,0,91,0,germanwings-crash,53,12,50682,10266,87,0,1427198043000.0,1322562665000.0,3424,1427198072000.0,1427214945000.0,47493606909090.91,29000.0,16902000.0
182,580336782782382081,0,0,7,1,2,1,21,0,germanwings-crash,83,7,76837,58414,990,0,1427198045000.0,1389094680000.0,14445,1427198340000.0,1427201593000.0,1463031888888.889,295000.0,3548000.0
183,580336849534648320,1,1,2,2,1,0,6,0,germanwings-crash,26,2,82038,2100631,2403,1,1427198061000.0,1295525843000.0,77310,1427200991000.0,1427200991000.0,0.0,2930000.0,2930000.0
184,580337178506584064,0,1,3,1,1,0,47,0,germanwings-crash,38,3,32241,408652,269,1,1427198140000.0,1298508711000.0,11158,1427198217000.0,1427219276000.0,110870370250000.0,77000.0,21136000.0
185,580337292838981633,0,1,4,1,2,1,7,0,germanwings-crash,26,4,43402,418645,5343,1,1427198167000.0,1216637409000.0,21560,1427198517000.0,1427211924000.0,39281942888888.89,350000.0,13757000.0
186,580337320508919808,0,1,3,2,1,1,19,0,germanwings-crash,30,3,55665,40997,929,1,1427198174000.0,1349078476000.0,1693,1427198302000.0,1427198656000.0,31329000000.0,128000.0,482000.0
187,580337327677026304,0,2,6,3,3,3,13,0,germanwings-crash,47,5,142567,5122905,122826,1,1427198175000.0,1173662881000.0,134140,1427198245000.0,1427261605000.0,637022778160000.0,70000.0,63430000.0
188,580337418550775808,0,1,10,10,4,3,37,0,germanwings-crash,103,10,423764,891882,14234,1,1427198197000.0,1249971165000.0,113482,1427198277000.0,1427202214000.0,1388669358024.6914,80000.0,4017000.0
189,580337440738713600,0,0,8,4,2,0,367,0,germanwings-crash,279,8,93888,46029,1043,0,1427198202000.0,1237896783000.0,12288,1427198378000.0,1427236639000.0,152142172775510.22,176000.0,38437000.0
190,580337446170320896,0,0,4,0,0,2,10,0,germanwings-crash,66,3,249259,295305,1376,0,1427198203000.0,1269426892000.0,163048,1427200275000.0,1427203251000.0,1486560222222.222,2072000.0,5048000.0
191,580337583508570112,0,1,2,2,1,1,15,0,germanwings-crash,89,2,139019,903628,8149,1,1427198236000.0,1216117066000.0,130464,1427198457000.0,1427198457000.0,0.0,221000.0,221000.0
192,580337826279124992,0,1,9,0,3,1,84,0,germanwings-crash,221,6,39657,56010,3319,1,1427198294000.0,1222446160000.0,11985,1427198757000.0,1427278449000.0,707662315359375.0,463000.0,80155000.0
193,580337873691533313,0,0,4,3,1,1,28,0,germanwings-crash,79,4,90538,92303,600,0,1427198305000.0,1317557878000.0,803,1427199251000.0,1427288137000.0,1597158032666666.8,946000.0,89832000.0
194,580338165824667649,1,1,2,4,0,2,16,0,germanwings-crash,39,1,131104,183319,2966,1,1427198375000.0,1224297563000.0,119127,1427199208000.0,1427199208000.0,0.0,833000.0,833000.0
195,580338189904285697,0,1,6,5,2,2,27,0,germanwings-crash,128,5,134626,3404450,37641,1,1427198381000.0,1257464959000.0,130562,1427198637000.0,1427205144000.0,6465702160000.0,256000.0,6763000.0
196,580338194731962368,0,1,5,10,1,1,43,0,germanwings-crash,120,3,66360,50021,1085,1,1427198382000.0,1325513582000.0,4847,1427200060000.0,1427240494000.0,299942698500000.0,1678000.0,42112000.0
197,580338392782757888,0,1,3,2,1,0,7,0,germanwings-crash,37,2,68423,756640,14352,1,1427198429000.0,1230451352000.0,54533,1427198572000.0,1427199696000.0,315844000000.0,143000.0,1267000.0
198,580339310299340800,0,1,23,4,4,6,432,0,germanwings-crash,1540,20,945898,16318695,104427,1,1427198648000.0,1170981302000.0,58812,1427198719000.0,1427208644000.0,11350440776859.504,71000.0,9996000.0
199,580339510883561472,0,1,17,4,9,1,131,0,germanwings-crash,402,16,475978,49214,1897,1,1427198696000.0,1211646986000.0,28421,1427198940000.0,1427270704000.0,290221762109375.0,244000.0,72008000.0
200,580339547269144576,1,1,15,5,2,4,36,0,germanwings-crash,96,12,547645,5122787,122829,1,1427198704000.0,1173662881000.0,134135,1427198817000.0,1427211404000.0,9800775244897.959,113000.0,12700000.0
201,580339662096605184,0,0,11,4,7,2,56,0,germanwings-crash,206,9,38501,58381,990,0,1427198732000.0,1389094680000.0,14445,1427198861000.0,1427204041000.0,2186990210000.0,129000.0,5309000.0
202,580339793122447361,0,1,2,0,1,0,81,0,germanwings-crash,145,2,24139,186387,2614,1,1427198763000.0,1237489197000.0,22668,1427257766000.0,1427257766000.0,0.0,59003000.0,59003000.0
203,580339825649291264,1,2,11,7,3,6,43,0,germanwings-crash,158,10,211470,2168892,25912,1,1427198771000.0,1205882357000.0,49110,1427198839000.0,1427217399000.0,32913822090000.0,68000.0,18628000.0
204,580340024736116736,0,2,36,6,12,6,867,0,germanwings-crash,3304,36,895887,14132291,105849,1,1427198818000.0,1177252957000.0,23812,1427198833000.0,1427208959000.0,3694096911020.408,15000.0,10141000.0
205,580340423044018176,0,2,11,5,3,5,48,0,germanwings-crash,155,9,605561,5471765,75083,1,1427198913000.0,1209046048000.0,395677,1427198952000.0,1427204601000.0,3164184600000.0,39000.0,5688000.0
206,580340476949086208,1,1,20,8,10,0,42,0,germanwings-crash,173,17,128461,418641,5342,1,1427198926000.0,1216637409000.0,21559,1427199137000.0,1427278808000.0,569478911074792.2,211000.0,79882000.0
207,580341214098137089,0,0,20,10,20,0,1210,0,germanwings-crash,311,20,77765,102630,49,0,1427199102000.0,1369389362000.0,4347,1427199174000.0,1427216950000.0,20842001191135.734,72000.0,17848000.0
208,580342401392312321,0,1,5,2,1,1,38,0,germanwings-crash,164,4,161247,1963543,15449,1,1427199385000.0,1184856173000.0,133437,1427199431000.0,1427202385000.0,1421804687500.0,46000.0,3000000.0
209,580342519516512256,1,1,28,5,9,3,58,0,germanwings-crash,207,28,1697565,903753,8150,1,1427199413000.0,1216117066000.0,130472,1427199611000.0,1427277933000.0,681952383475994.5,198000.0,78520000.0
210,580342670511472640,0,1,4,3,2,3,108,0,germanwings-crash,248,4,202728,4054370,38050,1,1427199449000.0,1238848832000.0,104455,1427200422000.0,1427203381000.0,1489620222222.222,973000.0,3932000.0
211,580342917291708416,0,1,18,6,10,3,267,0,germanwings-crash,1552,16,211166,55994,970,0,1427199508000.0,1389094680000.0,14385,1427199640000.0,1427218994000.0,19667893148788.926,132000.0,19486000.0
212,580343329096904704,0,1,10,12,5,5,39,0,germanwings-crash,141,9,256444,891630,14232,1,1427199606000.0,1249971165000.0,113462,1427199637000.0,1427207182000.0,7774922395061.7295,31000.0,7576000.0
213,580343473607438336,0,1,12,0,5,1,78,0,germanwings-crash,259,10,120495,3586,151,1,1427199641000.0,1246404110000.0,6778,1427199720000.0,1427203691000.0,1142870264462.8098,79000.0,4050000.0
214,580343941825953792,0,1,2,1,0,1,32,0,germanwings-crash,117,2,188308,407431,572,1,1427199752000.0,1329721993000.0,89526,1427200292000.0,1427200292000.0,0.0,540000.0,540000.0
215,580344006682505216,0,1,3,4,1,3,28,0,germanwings-crash,107,3,157837,891882,14234,1,1427199768000.0,1249971165000.0,113482,1427200515000.0,1427200563000.0,576000000.0,747000.0,795000.0
216,580345253179342848,0,1,3,0,0,0,47,0,germanwings-crash,118,3,121037,4054371,38051,1,1427200065000.0,1238848832000.0,104455,1427200296000.0,1427200485000.0,8930250000.0,231000.0,420000.0
217,580346824269103105,0,0,3,1,2,0,141,0,germanwings-crash,146,3,18075,121093,2218,0,1427200439000.0,1235490211000.0,13379,1427211031000.0,1427211125000.0,2209000000.0,10592000.0,10686000.0
218,580346858846822400,0,2,14,4,8,2,64,0,germanwings-crash,209,14,230804,1963403,15453,1,1427200448000.0,1184856173000.0,133441,1427200892000.0,1427234621000.0,125444268094674.53,444000.0,34173000.0
219,580346992074842112,1,1,11,0,2,2,45,0,germanwings-crash,220,11,387430,7411804,89913,1,1427200479000.0,1179097605000.0,90027,1427200629000.0,1427220168000.0,39621125640000.0,150000.0,19689000.0
220,580347051927597056,0,1,11,3,3,2,61,0,germanwings-crash,135,11,152887,2168898,25910,1,1427200494000.0,1205882357000.0,49114,1427200600000.0,1427207768000.0,7756903890000.0,106000.0,7274000.0
221,580347068457308160,1,1,3,3,1,0,21,0,germanwings-crash,161,3,140707,360879,9403,1,1427200498000.0,1317083710000.0,70224,1427200915000.0,1427204637000.0,3463321000000.0,417000.0,4139000.0
222,580347290633838592,1,1,3,0,1,1,7,0,germanwings-crash,42,3,337294,110732,3650,1,1427200551000.0,1238010537000.0,17053,1427201342000.0,1427297314000.0,2302656196000000.0,791000.0,96763000.0
223,580347360959717376,1,0,3,0,3,2,13,0,germanwings-crash,105,3,23533,57275,969,0,1427200567000.0,1389094680000.0,14408,1427202627000.0,1427210808000.0,16732190250000.0,2060000.0,10241000.0
224,580347646465949696,0,0,4,2,3,0,59,0,germanwings-crash,127,3,7430,108290,1924,0,1427200635000.0,1238179636000.0,4856,1427200790000.0,1427379609000.0,6253456840222223.0,155000.0,178974000.0
225,580347961256837120,1,1,4,4,2,1,8,0,germanwings-crash,56,4,161592,1103776,12848,1,1427200710000.0,1224979229000.0,161121,1427200957000.0,1427212458000.0,27020409555555.55,247000.0,11748000.0
226,580348081100734464,1,5,24,19,4,10,1300,0,germanwings-crash,2940,20,984700,14137172,105868,1,1427200739000.0,1177252957000.0,23815,1427200777000.0,1427218428000.0,49530969542533.08,38000.0,17689000.0
227,580348878370828288,1,1,12,8,5,1,21,0,germanwings-crash,183,11,206059,58364,989,0,1427200929000.0,1389094680000.0,14445,1427201071000.0,1427236016000.0,97557276016528.94,142000.0,35087000.0
228,580349159569539072,0,0,4,1,1,1,90,0,germanwings-crash,241,3,33961,56006,970,0,1427200996000.0,1389094680000.0,14385,1427202384000.0,1427326380000.0,3277223768000000.0,1388000.0,125384000.0
229,580349419360526336,0,1,3,0,0,2,33,0,germanwings-crash,171,3,220139,893563,10393,1,1427201058000.0,1221720654000.0,206156,1427202043000.0,1427209935000.0,15570916000000.0,985000.0,8877000.0
230,580349424058175489,1,3,12,0,4,7,51,0,germanwings-crash,224,12,234743,4965728,68029,1,1427201059000.0,1246052932000.0,103390,1427201088000.0,1427209104000.0,6605081636363.637,29000.0,8045000.0
231,580350000074457088,1,1,6,3,4,0,60,0,germanwings-crash,157,6,54884,186417,2615,1,1427201197000.0,1237489197000.0,22668,1427201516000.0,1427231779000.0,119572248800000.0,319000.0,30582000.0
232,580350403734310912,0,1,6,0,2,1,41,0,germanwings-crash,102,5,49633,30780,1234,1,1427201293000.0,1317664058000.0,8050,1427201497000.0,1427207213000.0,4543064240000.0,204000.0,5920000.0
233,580350426278719488,1,1,19,3,9,1,296,0,germanwings-crash,1247,19,959110,147187,1186,1,1427201298000.0,1269009032000.0,27453,1427201317000.0,1427211280000.0,6801142027777.777,19000.0,9982000.0
234,580350587289604097,0,1,3,1,0,0,257,0,germanwings-crash,1024,3,28847,147222,1186,1,1427201337000.0,1269009032000.0,27453,1427215675000.0,1427256232000.0,411217562250000.0,14338000.0,54895000.0
235,580350698774241280,0,1,2,1,1,0,233,0,germanwings-crash,679,2,27716,147222,1186,1,1427201363000.0,1269009032000.0,27453,1427202073000.0,1427202073000.0,0.0,710000.0,710000.0
236,580351083383517185,0,0,11,6,4,6,88,0,germanwings-crash,471,10,98756,58345,989,0,1427201455000.0,1389094680000.0,14441,1427201620000.0,1427264614000.0,351181237650000.0,165000.0,63159000.0
237,580351149619953664,0,1,19,0,4,1,103,0,germanwings-crash,197,16,232096,13564,552,1,1427201471000.0,1290008888000.0,13600,1427201670000.0,1427208114000.0,4385900666666.6665,199000.0,6643000.0
238,580351367719591936,0,1,3,0,2,0,120,0,germanwings-crash,484,3,22723,186463,2615,1,1427201523000.0,1237489197000.0,22668,1427201690000.0,1427206406000.0,5560164000000.0,167000.0,4883000.0
239,580351390570135552,0,1,5,2,5,0,61,0,germanwings-crash,158,5,77122,197289,1482,1,1427201528000.0,1273569440000.0,25761,1427204215000.0,1427205452000.0,263172687500.0,2687000.0,3924000.0
240,580351604831846400,0,1,25,8,12,3,305,0,germanwings-crash,847,23,313837,16318698,104427,1,1427201579000.0,1170981302000.0,58812,1427201676000.0,1427213198000.0,4920020539930.556,97000.0,11619000.0
241,580351758213447680,0,1,23,4,3,1,466,0,germanwings-crash,274,22,277277,14132334,105858,1,1427201616000.0,1177252957000.0,23808,1427201658000.0,1427212162000.0,4507473595041.322,42000.0,10546000.0
242,580352273001410560,1,0,33,10,5,2,32,0,germanwings-crash,132,33,283972,58408,990,0,1427201738000.0,1389094680000.0,14445,1427201799000.0,1427206558000.0,1587959796875.0,61000.0,4820000.0
243,580352417541287936,0,1,5,1,1,1,48,0,germanwings-crash,221,4,87825,756536,14358,1,1427201773000.0,1230451352000.0,54532,1427201851000.0,1427203296000.0,315043687500.0,78000.0,1523000.0
244,580352455952732160,0,1,9,7,0,3,62,0,germanwings-crash,162,8,235323,1103786,12849,1,1427201782000.0,1224979229000.0,161125,1427202677000.0,1427209188000.0,6640858984375.0,895000.0,7406000.0
245,580352532167311362,1,1,10,1,4,2,36,0,germanwings-crash,113,9,208166,1963401,15449,1,1427201800000.0,1184856173000.0,133428,1427201894000.0,1427226599000.0,64356304617283.945,94000.0,24799000.0
246,580352540316946432,1,1,5,2,0,0,63,0,germanwings-crash,516,5,215533,407431,572,1,1427201802000.0,1329721993000.0,89526,1427201839000.0,1427202640000.0,85434500000.0,37000.0,838000.0
247,580352792700821504,0,0,4,2,3,2,45,0,germanwings-crash,201,3,90478,56180,963,0,1427201862000.0,1389094680000.0,14389,1427201922000.0,1427202090000.0,4707555555.555556,60000.0,228000.0
248,580353540725452800,1,2,8,3,1,4,207,0,germanwings-crash,634,8,357989,5005731,45774,1,1427202041000.0,1174158086000.0,195661,1427202086000.0,1427228996000.0,95287545265306.12,45000.0,26955000.0
249,580353697865187328,0,0,13,8,6,7,56,0,germanwings-crash,295,12,102406,56068,970,0,1427202078000.0,1389094680000.0,14385,1427202128000.0,1427227542000.0,49731412576388.88,50000.0,25464000.0
250,580353737769820160,0,1,29,10,22,6,99,0,germanwings-crash,328,29,656187,6444876,91692,1,1427202088000.0,1174412765000.0,117697,1427202285000.0,1427205694000.0,971093177295.9183,197000.0,3606000.0
251,580353986991112192,0,1,6,1,2,2,85,0,germanwings-crash,139,5,84349,236059,4553,1,1427202147000.0,1285848479000.0,3268,1427205813000.0,1427290707000.0,1095915804160000.0,3666000.0,88560000.0
252,580354367796166656,0,1,6,9,1,6,67,0,germanwings-crash,304,5,329093,891879,14234,1,1427202238000.0,1249971165000.0,113481,1427202904000.0,1427212515000.0,13794048240000.0,666000.0,10277000.0
253,580355037504909312,0,0,5,1,4,3,1124,0,germanwings-crash,1545,5,5837682,183150,84,0,1427202398000.0,1247017174000.0,5971,1427207698000.0,1427208740000.0,141003250000.0,5300000.0,6342000.0
254,580355192908095488,0,1,18,3,6,4,156,0,germanwings-crash,377,13,65928,214154,2384,1,1427202435000.0,1271528841000.0,7991,1427202733000.0,1427214033000.0,6713308415224.914,298000.0,11598000.0
255,580356429615337472,1,1,4,3,0,1,26,0,germanwings-crash,109,3,131796,3404375,37640,1,1427202729000.0,1257464959000.0,130560,1427202850000.0,1427203680000.0,119684222222.22221,121000.0,951000.0
256,580357537083576321,1,0,6,1,5,0,16,0,germanwings-crash,139,6,190293,58411,990,0,1427202994000.0,1389094680000.0,14445,1427203184000.0,1427218943000.0,37387577360000.0,190000.0,15949000.0
257,580357920984051712,0,0,12,0,0,0,489,0,germanwings-crash,179,9,118475,251312,914,0,1427203085000.0,1260738268000.0,24522,1427203240000.0,1427216317000.0,14727921537190.082,155000.0,13232000.0
258,580358227713458176,0,5,16,6,6,7,866,0,germanwings-crash,1074,15,328572,14132273,105849,1,1427203158000.0,1177252957000.0,23812,1427203891000.0,1427205415000.0,136506995555.55559,733000.0,2257000.0
259,580359057825009664,0,0,8,6,3,4,51,0,germanwings-crash,228,7,86198,56005,959,0,1427203356000.0,1389094680000.0,14385,1427203566000.0,1427206924000.0,1835222816326.5305,210000.0,3568000.0
260,580359081296293888,0,1,6,3,2,0,33,0,germanwings-crash,163,6,96573,58401,990,0,1427203362000.0,1389094680000.0,14445,1427203418000.0,1427210008000.0,5859229840000.0,56000.0,6646000.0
261,580359405620858880,0,0,10,2,6,2,35,0,germanwings-crash,124,8,336240,258614,6703,0,1427203439000.0,1213373565000.0,41110,1427203564000.0,1427211387000.0,9691200320987.654,125000.0,7948000.0
262,580359480782786560,0,1,22,2,9,4,204,0,germanwings-crash,560,17,130463,214166,2384,1,1427203457000.0,1271528841000.0,7991,1427203663000.0,1427211684000.0,6279272340136.055,206000.0,8227000.0
263,580359809041604608,0,1,7,1,2,2,51,0,germanwings-crash,147,5,232938,5123107,122836,1,1427203535000.0,1173662881000.0,134146,1427203671000.0,1427210281000.0,6948049666666.667,136000.0,6746000.0
264,580360165540642816,1,0,3,3,1,1,4,0,germanwings-crash,27,3,232202,613,20,0,1427203620000.0,1309352189000.0,2741,1427203915000.0,1427204047000.0,4356000000.0,295000.0,427000.0
265,580361142666563584,0,1,9,4,3,2,78,0,germanwings-crash,187,9,252848,5005734,45773,1,1427203853000.0,1174158086000.0,195662,1427203958000.0,1427208651000.0,2577211484375.0,105000.0,4798000.0
266,580362104110071808,0,1,19,3,11,3,50,0,germanwings-crash,120,18,239026,5005748,45774,1,1427204082000.0,1174158086000.0,195662,1427204130000.0,1427215723000.0,16866707756172.84,48000.0,11641000.0
267,580362323283615745,0,1,9,3,5,2,37,0,germanwings-crash,137,9,189432,1963374,15449,1,1427204135000.0,1184856173000.0,133426,1427204288000.0,1427207232000.0,1019598500000.0,153000.0,3097000.0
268,580363156721131521,0,1,6,2,3,2,38,0,germanwings-crash,166,5,123839,258613,6703,0,1427204333000.0,1213373565000.0,41110,1427204659000.0,1427222119000.0,43544422400000.0,326000.0,17786000.0
269,580364138020507649,1,1,12,11,3,0,29,0,germanwings-crash,257,12,466819,360886,9404,1,1427204567000.0,1317083710000.0,70225,1427204627000.0,1427211941000.0,3925065157024.7935,60000.0,7374000.0
270,580364236330762240,1,0,2,0,1,0,7,0,germanwings-crash,27,2,112729,35844,1206,0,1427204591000.0,1402724996000.0,27513,1427204772000.0,1427204772000.0,0.0,181000.0,181000.0
271,580364493928181760,0,1,21,2,14,1,187,0,germanwings-crash,552,20,136614,214120,2383,1,1427204652000.0,1271528841000.0,7991,1427204781000.0,1427207988000.0,796930310000.0,129000.0,3336000.0
272,580364576560177154,0,0,10,2,3,3,46,0,germanwings-crash,206,9,466463,4794,261,0,1427204672000.0,1364468654000.0,603,1427205123000.0,1427207696000.0,961558691358.0248,451000.0,3024000.0
273,580364656608428032,1,1,9,3,4,0,21,0,germanwings-crash,65,7,372423,1452091,14976,1,1427204691000.0,1257333945000.0,28393,1427204752000.0,1427216410000.0,27431638187500.0,61000.0,11719000.0
274,580364934011334656,0,1,8,1,5,4,32,0,germanwings-crash,128,8,267454,7117187,88160,1,1427204757000.0,1207230870000.0,112174,1427204837000.0,1427207451000.0,882102122448.9796,80000.0,2694000.0
275,580364973664309248,1,0,11,3,3,3,33,0,germanwings-crash,214,9,450576,56012,959,0,1427204767000.0,1389094680000.0,14385,1427204821000.0,1427206334000.0,172359040000.0,54000.0,1567000.0
276,580365368805486592,1,4,21,12,3,12,1058,0,germanwings-crash,2210,20,684240,25299872,163464,1,1427204861000.0,1167702494000.0,38819,1427204894000.0,1427207649000.0,576341440000.0,33000.0,2788000.0
277,580365755750871041,0,1,27,4,13,1,2066,0,germanwings-crash,1240,25,145275,10912786,15824,1,1427204953000.0,1231607936000.0,7330,1427204963000.0,1427690494000.0,3.4513639444640532e+16,10000.0,485541000.0
278,580365806720122880,0,1,14,3,8,3,37,0,germanwings-crash,134,13,102407,3360719,25673,1,1427204965000.0,1174733294000.0,77431,1427204997000.0,1427226944000.0,34983003869822.484,32000.0,21979000.0
279,580365989780520960,0,1,25,12,4,5,639,0,germanwings-crash,919,23,964889,14132272,105849,1,1427205009000.0,1177252957000.0,23812,1427205053000.0,1427209397000.0,1756095039930.5554,44000.0,4388000.0
280,580366761398239232,1,1,4,1,1,1,19,0,germanwings-crash,87,4,182147,337977,2844,1,1427205193000.0,1224601125000.0,125773,1427205409000.0,1427234876000.0,176896264222222.22,216000.0,29683000.0
281,580368417556992000,1,1,12,7,7,3,428,0,germanwings-crash,584,10,60062,14132268,105849,1,1427205588000.0,1177252957000.0,23811,1427205631000.0,1427256482000.0,332621040512396.7,43000.0,50894000.0
282,580369978546917376,1,0,7,3,1,2,32,0,germanwings-crash,127,6,84463,258612,6703,0,1427205960000.0,1213373565000.0,41110,1427206442000.0,1427214816000.0,9358358555555.557,482000.0,8856000.0
283,580370249712697344,1,1,7,1,5,1,10,0,germanwings-crash,45,7,286450,1963381,15449,1,1427206024000.0,1184856173000.0,133426,1427206114000.0,1427208154000.0,482301555555.5556,90000.0,2130000.0
284,580370275121938432,1,1,19,5,6,3,338,0,germanwings-crash,539,17,161111,14132258,105858,1,1427206031000.0,1177252957000.0,23807,1427206061000.0,1427227830000.0,30631531172839.508,30000.0,21799000.0
285,580370309884182529,0,1,17,11,10,5,106,0,germanwings-crash,264,15,327826,9357972,86486,1,1427206039000.0,1170315869000.0,196531,1427206094000.0,1427329702000.0,880575645984374.9,55000.0,123663000.0
286,580371776619839488,0,1,18,1,4,1,72,0,germanwings-crash,375,18,776149,360886,9403,1,1427206388000.0,1317083710000.0,70225,1427206511000.0,1427216904000.0,5736654761245.675,123000.0,10516000.0
287,580371845997682688,1,0,3,1,1,0,9,0,germanwings-crash,27,2,69250,7043,299,0,1427206405000.0,1178838761000.0,59569,1427206583000.0,1427207180000.0,89102250000.0,178000.0,775000.0
288,580371847335821312,1,1,21,0,8,0,56,0,germanwings-crash,305,21,990438,4965662,68027,1,1427206405000.0,1246052932000.0,103390,1427206459000.0,1427207192000.0,29735690000.0,54000.0,787000.0
289,580372127125131264,1,1,4,2,3,1,12,0,germanwings-crash,39,4,134204,1964040,15444,1,1427206472000.0,1184856173000.0,133453,1427207120000.0,1427207556000.0,33250666666.666668,648000.0,1084000.0
290,580377378226049024,0,1,9,1,7,0,393,0,germanwings-crash,469,8,226881,351049,921,1,1427207724000.0,1392734645000.0,2230,1427207779000.0,1427330196000.0,1612402947187500.0,55000.0,122472000.0
291,580377478184755201,1,0,5,1,2,0,6,0,germanwings-crash,48,4,69588,56258,964,0,1427207748000.0,1389094680000.0,14391,1427208109000.0,1427212555000.0,3439504687500.0,361000.0,4807000.0
292,580377986941206528,0,0,2,4,2,2,31,0,germanwings-crash,131,2,18524,58397,990,0,1427207869000.0,1389094680000.0,14445,1427207989000.0,1427207989000.0,0.0,120000.0,120000.0
293,580379486732066817,1,1,6,7,3,5,45,0,germanwings-crash,134,6,217013,3360512,25669,1,1427208227000.0,1174733294000.0,77428,1427208288000.0,1427404086000.0,5891958594160000.0,61000.0,195859000.0
294,580380219921580032,0,1,8,4,4,0,230,0,germanwings-crash,231,8,86360,649622,2393,1,1427208402000.0,1231784116000.0,3842,1427208427000.0,1427472669000.0,7967306754489795.0,25000.0,264267000.0
295,580387098039046145,1,1,7,2,3,1,15,0,germanwings-crash,38,7,161512,337960,2843,1,1427210041000.0,1224601125000.0,125762,1427210118000.0,1427224970000.0,25189489000000.0,77000.0,14929000.0
296,580388756043083777,0,0,20,3,6,0,40,0,germanwings-crash,181,16,208924,7038,299,0,1427210437000.0,1178838761000.0,59569,1427210514000.0,1427213316000.0,502348343490.3047,77000.0,2879000.0
297,580398796124876800,0,0,13,7,4,0,35,0,germanwings-crash,168,13,191322,58380,990,0,1427212830000.0,1389094680000.0,14445,1427213000000.0,1427225357000.0,10562823409722.223,170000.0,12527000.0
298,580399487740297216,0,1,5,9,2,0,395,0,germanwings-crash,389,4,40753,411411,1676,1,1427212995000.0,1325761794000.0,1155,1427213550000.0,1427245894000.0,177068352687500.0,555000.0,32899000.0
299,580697361799876608,1,2,20,1,4,0,74,0,germanwings-crash,317,18,235430,4972128,68046,1,1427284014000.0,1246052932000.0,103467,1427284081000.0,1427284940000.0,45644027700.83102,67000.0,926000.0
300,580699430690656256,1,1,2,1,0,0,5,0,germanwings-crash,31,2,223395,893549,13273,1,1427284507000.0,1183791151000.0,94820,1427284755000.0,1427284755000.0,0.0,248000.0,248000.0
301,580699825030754304,1,1,8,2,3,2,22,0,germanwings-crash,135,6,134894,4972198,68047,1,1427284601000.0,1246052932000.0,103468,1427284745000.0,1427293332000.0,8221868816326.531,144000.0,8731000.0
302,580706841769820160,1,1,3,2,1,2,17,0,germanwings-crash,67,3,260366,328255,2940,1,1427286274000.0,1241687683000.0,158071,1427286794000.0,1427294342000.0,14243076000000.0,520000.0,8068000.0
303,580882121222434816,1,1,17,0,9,3,99,0,germanwings-crash,282,14,88319,4245466,78307,1,1427328064000.0,1174125445000.0,42818,1427328227000.0,1427356150000.0,91546547812500.0,163000.0,28086000.0
304,580882302621843456,1,1,5,2,4,0,6,0,germanwings-crash,28,4,50834,21557,811,1,1427328107000.0,1274418323000.0,6190,1427328259000.0,1427331995000.0,1829505500000.0,152000.0,3888000.0
305,580882341880446977,1,1,6,1,2,1,8,0,germanwings-crash,31,5,73314,262423,4159,1,1427328117000.0,1355845597000.0,43933,1427328275000.0,1427345355000.0,68616601600000.0,158000.0,17238000.0
306,580882417117958144,1,1,15,2,11,0,31,0,germanwings-crash,69,14,226750,525625,4949,1,1427328135000.0,1292629039000.0,47648,1427328226000.0,1427335436000.0,3299037571428.5713,91000.0,7301000.0
307,580882674413375488,1,2,15,1,2,5,15,0,germanwings-crash,74,15,373221,618160,3962,1,1427328196000.0,1235569883000.0,104571,1427328349000.0,1427329937000.0,231883494897.9592,153000.0,1741000.0
308,580882701063979008,1,4,23,3,6,0,78,0,germanwings-crash,245,19,363183,1096132,4278,1,1427328202000.0,1236186129000.0,29328,1427328238000.0,1427335295000.0,3772246884297.5215,36000.0,7093000.0
309,580883100533690368,0,1,22,4,7,0,58,0,germanwings-crash,123,21,451496,525630,4949,1,1427328298000.0,1292629039000.0,47649,1427328457000.0,1427343038000.0,9400608249433.105,159000.0,14740000.0
310,580883510103281665,1,1,3,1,1,0,10,0,germanwings-crash,66,3,168866,406667,5988,1,1427328395000.0,1201642716000.0,141362,1427328937000.0,1427332513000.0,3196944000000.0,542000.0,4118000.0
311,580883727624065024,1,1,8,0,2,2,14,0,germanwings-crash,45,7,259595,300764,6960,1,1427328447000.0,1193616455000.0,120311,1427328559000.0,1427336131000.0,6994494204081.632,112000.0,7684000.0
312,580883793709547521,1,1,18,13,5,4,76,0,germanwings-crash,154,16,447359,525638,4949,1,1427328463000.0,1292629039000.0,47649,1427328647000.0,1427356953000.0,104416105854671.28,184000.0,28490000.0
313,580883864521818112,1,1,3,0,0,3,7,0,germanwings-crash,33,3,118495,267569,1786,1,1427328480000.0,1275311332000.0,110435,1427328805000.0,1427329267000.0,53361000000.0,325000.0,787000.0
314,580884417343815680,1,1,5,2,3,1,9,0,germanwings-crash,39,5,187176,180453,1106,1,1427328612000.0,1236293462000.0,93296,1427328808000.0,1427335206000.0,7553593500000.0,196000.0,6594000.0
315,580884605097664512,1,4,5,2,1,1,7,0,germanwings-crash,31,4,137317,14350,509,1,1427328656000.0,1234245642000.0,28988,1427328803000.0,1427334715000.0,6242124750000.0,147000.0,6059000.0
316,580885624883904512,1,1,5,3,3,1,11,0,germanwings-crash,36,5,129242,893725,13279,1,1427328899000.0,1183791151000.0,94877,1427329898000.0,1427370652000.0,272136074750000.0,999000.0,41753000.0
317,580886010575257601,0,0,27,0,4,1,42,0,germanwings-crash,44,26,2181458,32044,1260,0,1427328991000.0,1282626716000.0,234160,1427329027000.0,1427372096000.0,67466979053254.445,36000.0,43105000.0
318,581047170637381632,1,0,4,1,1,0,10,0,germanwings-crash,27,3,39927,36380,1085,0,1427367415000.0,1212829835000.0,21291,1427368045000.0,1427369096000.0,211712666666.66666,630000.0,1681000.0
319,581061237783556096,1,0,3,1,1,0,8,0,germanwings-crash,59,1,104376,12220,332,0,1427370769000.0,1289383472000.0,51892,1427370936000.0,1427371121000.0,8556250000.0,167000.0,352000.0
320,581061272856326145,1,0,8,1,3,1,11,0,germanwings-crash,69,8,271395,36241,1214,0,1427370777000.0,1402724996000.0,27713,1427370887000.0,1427375951000.0,3625878000000.0,110000.0,5174000.0
321,581061914001821696,1,0,2,6,2,0,11,0,germanwings-crash,60,2,14075,4273,165,0,1427370930000.0,1314703727000.0,6921,1427371204000.0,1427371204000.0,0.0,274000.0,274000.0
322,581062604988162048,1,1,2,1,1,0,2,0,germanwings-crash,32,2,6682,1183689,3535,1,1427371095000.0,1214417443000.0,5274,1427372687000.0,1427372687000.0,0.0,1592000.0,1592000.0
323,581063145256538112,1,0,16,11,3,1,35,0,germanwings-crash,239,13,195358,36247,1215,0,1427371224000.0,1402724996000.0,27718,1427371280000.0,1427619868000.0,3944655538533333.5,56000.0,248644000.0
324,581063377226637312,1,0,3,1,0,0,3,0,germanwings-crash,31,2,77750,7419,314,0,1427371279000.0,1178838761000.0,59760,1427371388000.0,1427372949000.0,609180250000.0,109000.0,1670000.0
325,581063730319925248,1,1,19,0,9,0,60,0,germanwings-crash,212,15,418668,1183681,3534,1,1427371363000.0,1214417443000.0,5274,1427371469000.0,1427377946000.0,1952613645061.7283,106000.0,6583000.0
326,581063753837481984,1,1,29,11,16,4,60,0,germanwings-crash,275,29,675689,3369712,25712,1,1427371369000.0,1174733294000.0,77522,1427371444000.0,1427554345000.0,8008731676454081.0,75000.0,182976000.0
327,581063816882065408,1,0,3,1,2,0,9,0,germanwings-crash,49,3,2851,677,30,0,1427371384000.0,1305978898000.0,619,1427373247000.0,1427373404000.0,6162250000.0,1863000.0,2020000.0
328,581063906682114048,1,0,24,2,15,0,17,0,germanwings-crash,76,23,529277,61320,1018,0,1427371405000.0,1389094680000.0,14632,1427371643000.0,1427384471000.0,6454567032136.106,238000.0,13066000.0
329,581063928953876480,1,1,22,9,9,0,89,0,germanwings-crash,674,20,395708,1454411,14997,1,1427371410000.0,1257333945000.0,28435,1427371440000.0,1427372593000.0,70545741496.59863,30000.0,1183000.0
330,581063957684850688,1,2,2,2,0,1,4,0,germanwings-crash,36,2,24477,44886,961,1,1427371417000.0,1238070827000.0,13974,1427371473000.0,1427371473000.0,0.0,56000.0,56000.0
331,581064144394285056,1,1,7,5,3,0,22,0,germanwings-crash,73,5,264503,1537786,24904,1,1427371462000.0,1218052531000.0,113944,1427371483000.0,1427371837000.0,12617583333.333334,21000.0,375000.0
332,581107798932631552,1,2,19,2,4,0,36,0,germanwings-crash,119,19,208740,4019,188,1,1427381870000.0,1298236989000.0,1584,1427383271000.0,1427445112000.0,218545235916666.66,1401000.0,63242000.0
333,581132461960249344,1,1,37,0,16,1,14,0,germanwings-crash,34,37,424433,339535,2851,1,1427387750000.0,1224601125000.0,126293,1427388539000.0,1427408362000.0,28047595200617.29,789000.0,20612000.0
334,581153923987206146,1,1,24,1,15,1,93,0,germanwings-crash,157,23,459383,5013586,45807,1,1427392867000.0,1174158086000.0,195821,1427393031000.0,1427574443000.0,2568540331557656.0,164000.0,181576000.0
335,581183387848859648,1,1,9,4,3,1,15,0,germanwings-crash,49,8,217257,757396,15007,1,1427399892000.0,1227037596000.0,64796,1427400033000.0,1427402002000.0,374379609375.0,141000.0,2110000.0
336,581245152158728192,0,1,8,0,4,2,13,0,germanwings-crash,28,7,495354,3415568,37716,1,1427414617000.0,1257464959000.0,131385,1427414736000.0,1427442109000.0,86513600408163.27,119000.0,27492000.0
337,581246782765719552,0,1,25,2,4,5,147,0,germanwings-crash,254,18,4586019,15905460,159232,1,1427415006000.0,1172868102000.0,174094,1427415101000.0,1427421498000.0,3742037581597.222,95000.0,6492000.0
338,581247332282306561,0,1,19,14,6,5,123,0,germanwings-crash,149,18,510163,16352546,104511,1,1427415137000.0,1170981302000.0,59009,1427415287000.0,1427435351000.0,37773677015432.09,150000.0,20214000.0
339,581247335998431232,0,1,16,7,7,4,91,0,germanwings-crash,112,15,583559,3372613,25728,1,1427415138000.0,1174733294000.0,77541,1427415181000.0,1427510185000.0,907944105182222.2,43000.0,95047000.0
340,581248880098086912,0,0,4,3,1,1,20,0,germanwings-crash,1286,3,341336,2130625,1005,0,1427415506000.0,1270508580000.0,317877,1427417765000.0,1427419098000.0,346816222222.2222,2259000.0,3592000.0
341,581249720376553472,0,0,25,0,0,0,402,0,germanwings-crash,1767,21,1051411,529,11,0,1427415707000.0,1291613811000.0,38049,1427416408000.0,1427461776000.0,243484374748263.9,701000.0,46069000.0
342,581252958446329857,1,0,27,4,4,5,21,0,germanwings-crash,43,14,1108124,42637,615,0,1427416479000.0,1352599333000.0,162521,1427416729000.0,1427419488000.0,298112437869.8225,250000.0,3009000.0
343,581253085508534272,0,1,9,2,1,2,28,0,germanwings-crash,42,6,245909,657988,11482,1,1427416509000.0,1208555837000.0,72082,1427416579000.0,1427755352000.0,1.2273516220359376e+16,70000.0,338843000.0
344,581254429996920832,0,0,5,1,1,1,48,0,germanwings-crash,37,4,102189,924,24,0,1427416829000.0,1258765189000.0,19954,1427418318000.0,1427609194000.0,6109678434687500.0,1489000.0,192365000.0
345,581255457022570497,0,1,3,0,0,2,19,0,germanwings-crash,38,2,280128,973864,18842,1,1427417074000.0,1234315098000.0,198297,1427417546000.0,1427418213000.0,111222250000.0,472000.0,1139000.0
346,581256046448111616,0,1,3,1,1,0,14,0,germanwings-crash,26,3,80959,526505,4956,1,1427417215000.0,1292629039000.0,47734,1427417514000.0,1427417571000.0,812250000.0,299000.0,356000.0
347,581256908251758592,0,1,18,5,13,1,81,0,germanwings-crash,138,18,134856,121800,1202,1,1427417420000.0,1294683272000.0,19326,1427419116000.0,1427471922000.0,147512857993079.6,1696000.0,54502000.0
348,581257660118491136,0,1,10,8,6,0,82,0,germanwings-crash,68,10,97539,526227,4954,1,1427417600000.0,1292629039000.0,47718,1427417769000.0,1427468935000.0,243322584098765.44,169000.0,51335000.0
349,581258486861983745,0,0,13,12,0,4,25,0,germanwings-crash,74,11,237937,6329,224,0,1427417797000.0,1320264047000.0,83253,1427418107000.0,1427733930000.0,1.5654704899743056e+16,310000.0,316133000.0
350,581258923065389056,0,1,8,1,3,1,36,0,germanwings-crash,40,6,203381,1331499,27460,1,1427417901000.0,1213837709000.0,130437,1427418715000.0,1427419977000.0,180416408163.2653,814000.0,2076000.0
351,581259253429702656,0,2,12,13,6,7,55,0,germanwings-crash,73,11,451962,2174492,25972,1,1427417979000.0,1205882357000.0,49327,1427418043000.0,1427573592000.0,1983954440148760.2,64000.0,155613000.0
352,581260171688718336,0,1,14,3,6,0,62,0,germanwings-crash,111,14,772746,526237,4956,1,1427418198000.0,1292629039000.0,47719,1427418428000.0,1427762167000.0,2.0473456476130176e+16,230000.0,343969000.0
353,581261457725210624,0,0,3,1,0,3,70,0,germanwings-crash,30,1,53772,20798,456,0,1427418505000.0,1261711800000.0,11574,1427424579000.0,1427608927000.0,8496046276000000.0,6074000.0,190422000.0
354,581262528107384832,0,1,19,6,11,0,32,0,germanwings-crash,26,16,89010,935004,8458,1,1427418760000.0,1265038572000.0,5079,1427418781000.0,1427420168000.0,228431580246.91357,21000.0,1408000.0
355,581264214809022464,1,0,21,6,10,0,102,0,germanwings-crash,198,18,189266,12530,324,0,1427419162000.0,1383060890000.0,8723,1427419267000.0,1427427008000.0,4712998947500.0,105000.0,7846000.0
356,581266400192307200,0,0,3,0,1,0,76,0,germanwings-crash,159,3,24772,52596,121,0,1427419683000.0,1316342449000.0,17915,1427421581000.0,1427424961000.0,2856100000000.0,1898000.0,5278000.0
357,581273151612575746,0,1,15,3,6,0,19,0,germanwings-crash,30,15,168566,526552,4956,1,1427421293000.0,1292629039000.0,47736,1427421344000.0,1427493199000.0,336403923494897.94,51000.0,71906000.0
358,581274406804025344,1,0,11,1,2,1,17,0,germanwings-crash,37,9,353061,2862,22,0,1427421592000.0,1245472088000.0,84261,1427422490000.0,1427455823000.0,92149665040000.0,898000.0,34231000.0
359,581274572823130112,0,1,2,2,0,2,14,0,germanwings-crash,40,2,110618,4985219,68102,1,1427421632000.0,1246052932000.0,103637,1427454386000.0,1427454386000.0,0.0,32754000.0,32754000.0
360,581280784155353088,0,1,22,14,11,7,99,0,germanwings-crash,129,20,270968,6066388,87028,1,1427423113000.0,1175408533000.0,113969,1427423198000.0,1427465271000.0,88604496598639.47,85000.0,42158000.0
361,581286157151039488,0,1,17,10,7,8,229,0,germanwings-crash,302,16,173725,4527590,53343,1,1427424394000.0,1210102593000.0,26206,1427424490000.0,1427428534000.0,1677741312500.0,96000.0,4140000.0
362,581287108607811584,1,0,27,3,11,2,108,0,germanwings-crash,176,27,817473,19411,342,0,1427424621000.0,1252511455000.0,161546,1427424825000.0,1427551020000.0,1252806627267751.5,204000.0,126399000.0
363,581287562947395584,1,0,28,1,13,4,45,0,germanwings-crash,117,24,1703702,49522,233,0,1427424729000.0,1261631474000.0,87407,1427424779000.0,1427446025000.0,28687378973936.9,50000.0,21296000.0
364,581287723841032192,0,0,14,2,6,0,107,0,germanwings-crash,51,13,106553,109941,2504,0,1427424767000.0,1238454255000.0,17998,1427424806000.0,1427770547000.0,9154985183940828.0,39000.0,345780000.0
365,581287795991302144,1,0,17,0,8,1,34,1,germanwings-crash,85,14,445063,88123,653,0,1427424785000.0,1278142484000.0,166959,1427424859000.0,1427440786000.0,15041470734375.0,74000.0,16001000.0
366,581288928646340608,1,0,22,2,12,1,74,1,germanwings-crash,88,17,436715,4773,145,0,1427425055000.0,1363126549000.0,50889,1427425371000.0,1427572300000.0,1188248598943310.5,316000.0,147245000.0
367,581290271997968384,1,0,26,2,11,4,54,0,germanwings-crash,188,25,898907,34120,1506,0,1427425375000.0,1232412340000.0,27049,1427425439000.0,1427646981000.0,3536138256800000.0,64000.0,221606000.0
368,581293286268129280,1,0,21,0,8,1,31,0,germanwings-crash,54,20,364824,27856,460,0,1427426094000.0,1303832182000.0,35422,1427426380000.0,1427464596000.0,196527284250000.0,286000.0,38502000.0
369,581295422414680065,0,1,4,0,0,1,25,0,germanwings-crash,49,3,113750,1324856,23590,1,1427426603000.0,1223550462000.0,98937,1427426646000.0,1427426855000.0,8513555555.555556,43000.0,252000.0
370,581295858898989056,1,0,24,8,18,2,38,0,germanwings-crash,32,23,699932,24283,342,0,1427426707000.0,1239327301000.0,133218,1427427180000.0,1427449694000.0,73360851644612.47,473000.0,22987000.0
371,581296960830881792,1,0,25,5,4,4,35,0,germanwings-crash,79,18,559455,1843,63,0,1427426970000.0,1331836964000.0,28566,1427427100000.0,1427444087000.0,10820107888888.889,130000.0,17117000.0
372,581299253743501312,1,0,9,0,9,1,29,0,germanwings-crash,131,9,16398,4357,13,0,1427427516000.0,1408689836000.0,2630,1427428836000.0,1427519963000.0,1249839656734375.0,1320000.0,92447000.0
373,581299354431987712,1,0,3,0,2,1,9,0,germanwings-crash,37,3,155699,42903,698,0,1427427540000.0,1312248755000.0,121912,1427428310000.0,1427434428000.0,9357481000000.0,770000.0,6888000.0
374,581300992194572288,1,0,7,0,3,2,13,0,germanwings-crash,31,7,299051,33277,1143,0,1427427931000.0,1227382110000.0,196422,1427428204000.0,1427654888000.0,6788267660583333.0,273000.0,226957000.0
375,581301262269829120,1,0,24,0,10,1,44,0,germanwings-crash,72,24,1743147,18617,369,0,1427427995000.0,1258774751000.0,206389,1427429465000.0,1427490621000.0,159304113708884.7,1470000.0,62626000.0
376,581301336085553152,1,0,17,0,8,2,19,0,germanwings-crash,61,17,664281,33265,1143,0,1427428013000.0,1227382110000.0,196510,1427428091000.0,1427704968000.0,1.2876449599109374e+16,78000.0,276955000.0
377,581302297579425793,0,1,7,11,0,2,74,0,germanwings-crash,58,5,362120,526514,4956,1,1427428242000.0,1292629039000.0,47736,1427428297000.0,1427447797000.0,48846042888888.88,55000.0,19555000.0
378,581302544116379648,1,0,22,2,8,5,20,0,germanwings-crash,86,21,731005,33266,1144,0,1427428301000.0,1227382110000.0,196510,1427428393000.0,1427508050000.0,375704672752834.5,92000.0,79749000.0
379,581303832895885312,1,0,5,1,3,0,13,0,germanwings-crash,33,5,211713,654,3,0,1427428608000.0,1302829058000.0,19915,1427428918000.0,1427468243000.0,280514345187500.0,310000.0,39635000.0
380,581303989406314496,1,0,14,3,4,1,18,0,germanwings-crash,28,10,184074,66749,396,0,1427428645000.0,1265671698000.0,17258,1427428977000.0,1427673884000.0,5543473200840236.0,332000.0,245239000.0
381,581307361857392642,1,0,29,0,20,1,27,0,germanwings-crash,47,25,324354,435,6,0,1427429449000.0,1419370076000.0,2305,1427468568000.0,1427543731000.0,364407948095663.2,39119000.0,114282000.0
382,581314363644121088,1,0,20,3,14,1,12,0,germanwings-crash,29,17,1084105,21046,773,0,1427431119000.0,1252931404000.0,327900,1427431379000.0,1427434208000.0,762121922437.6731,260000.0,3089000.0
383,581315281630318593,1,0,21,0,11,1,15,0,germanwings-crash,37,21,210589,30412,152,0,1427431338000.0,1219385750000.0,86622,1427432387000.0,1427462743000.0,51057083427500.0,1049000.0,31405000.0
384,581318271321931776,0,1,4,4,2,1,24,0,germanwings-crash,31,4,109090,676651,8807,1,1427432050000.0,1256844080000.0,54912,1427432581000.0,1427434847000.0,1098929555555.5557,531000.0,2797000.0
385,581325025569030145,0,1,8,1,4,1,32,0,germanwings-crash,49,7,158091,1971220,15482,1,1427433661000.0,1184856173000.0,134054,1427434589000.0,1427441661000.0,7285386244897.959,928000.0,8000000.0
386,581325197661376512,0,2,15,2,5,2,559,0,germanwings-crash,209,13,171713,134658,3878,1,1427433702000.0,1239456972000.0,6236,1427433775000.0,1427607277000.0,1966235244168367.2,73000.0,173575000.0
387,581335535832039424,1,0,11,5,3,2,17,0,germanwings-crash,28,10,542757,24291,343,0,1427436167000.0,1239327301000.0,133386,1427436652000.0,1427441627000.0,2044189440000.0,485000.0,5460000.0
388,581359544682614784,1,1,20,5,7,4,75,0,germanwings-crash,155,19,415658,6471051,91830,1,1427441891000.0,1174412765000.0,117904,1427442017000.0,1427445062000.0,478392426592.7978,126000.0,3171000.0
389,581377529124130816,1,1,4,2,0,1,24,0,germanwings-crash,47,2,244010,974465,18841,1,1427446179000.0,1234315098000.0,198309,1427446403000.0,1427606569000.0,5687100148222223.0,224000.0,160390000.0
390,581386094337474560,1,1,12,25,7,8,10,0,germanwings-crash,33,11,416455,1539329,24913,1,1427448221000.0,1218052531000.0,114087,1427448443000.0,1427643582000.0,3672629482446280.5,222000.0,195361000.0
391,581386155083620352,1,1,10,3,3,3,7,0,germanwings-crash,30,8,292500,1108862,12893,1,1427448235000.0,1224979229000.0,162330,1427448368000.0,1427452643000.0,2992414913580.2466,133000.0,4408000.0
392,581387966125248512,1,0,7,2,4,1,9,0,germanwings-crash,28,7,49409,61820,1034,0,1427448667000.0,1389094680000.0,14728,1427448802000.0,1427470272000.0,61686463555555.56,135000.0,21605000.0
393,581394092648710144,1,4,13,12,4,8,22,0,germanwings-crash,106,11,451883,1539284,24913,1,1427450128000.0,1218052531000.0,114086,1427450298000.0,1427464864000.0,31244993743055.55,170000.0,14736000.0
394,581404604677660673,1,0,23,4,15,1,129,0,germanwings-crash,272,23,689776,58233,701,0,1427452634000.0,1238113402000.0,72891,1427452699000.0,1427504078000.0,147861282776859.5,65000.0,51444000.0
395,581405344288608256,1,0,6,0,5,2,31,0,germanwings-crash,43,6,61878,1544,12,0,1427452810000.0,1420490688000.0,490,1427466394000.0,1427494803000.0,124599086960000.0,13584000.0,41993000.0
396,581409613913804800,1,1,26,2,8,5,58,0,germanwings-crash,57,21,326821,3449966,55409,1,1427453828000.0,1177218615000.0,77007,1427453904000.0,1427535651000.0,267508433600000.0,76000.0,81823000.0
397,581411131547320321,1,0,18,4,11,2,13,0,germanwings-crash,27,16,437897,9829,183,0,1427454190000.0,1369679055000.0,28727,1427454632000.0,1427499986000.0,215041335301038.06,442000.0,45796000.0
398,581437061363675136,1,0,12,1,3,1,15,0,germanwings-crash,34,9,284328,52889,468,0,1427460372000.0,1273812067000.0,23803,1427460438000.0,1427587035000.0,2274116624429752.0,66000.0,126663000.0
399,581450117972144128,1,0,33,1,15,2,60,0,germanwings-crash,118,29,1644297,14151,154,0,1427463485000.0,1423251789000.0,3601,1427463599000.0,1427504643000.0,94668886500000.0,114000.0,41158000.0
400,581460720900050945,1,0,23,4,17,0,9,0,germanwings-crash,41,22,147030,4021,72,0,1427466013000.0,1253654444000.0,9531,1427466119000.0,1427485232000.0,26609420845041.324,106000.0,19219000.0
401,581473088249958400,1,0,8,0,5,1,5,0,germanwings-crash,27,7,566131,102889,2455,0,1427468962000.0,1281624119000.0,520062,1427469071000.0,1427476855000.0,6853365673469.388,109000.0,7893000.0
402,581479017770979329,1,0,21,2,10,0,49,0,germanwings-crash,87,17,398821,1223,25,0,1427470375000.0,1240937725000.0,898,1427470597000.0,1427489448000.0,54026049960000.0,222000.0,19073000.0
403,581546828954411008,1,0,27,0,5,1,35,0,germanwings-crash,53,22,564676,571658,1954,0,1427486543000.0,1265760929000.0,65388,1427486620000.0,1427552753000.0,636245777190828.4,77000.0,66210000.0
404,581550667753504768,1,0,30,5,11,2,36,0,germanwings-crash,72,20,1283518,10005,174,0,1427487458000.0,1236991096000.0,113655,1427512847000.0,1427590422000.0,436265612409036.9,25389000.0,102964000.0
